3redronin-mu-server-69683cf8009d7a0ac52452fd4b0abe06ffd0bf87-Http2Connection,0.3333333333333333
albfernandez-itext2-5ac684e2140a3d9a5b4c34dfd2639dcc87884ad0-SimpleXMLParser,1
albfernandez-itext2-5ac684e2140a3d9a5b4c34dfd2639dcc87884ad0-TiffImage,1
apache-commons-codec-634ac7caba17b3610e8fe3dd19f9f05faf4d1f94-Rule,0.8
apache-commons-codec-634ac7caba17b3610e8fe3dd19f9f05faf4d1f94-Rule,1
apache-commons-imaging-d3b3b534198d2b0b631379515e2b53905b425e70-JpegImageParser,1
apache-dubbo-hessian-lite-ca001b4658227d5122f85bcb45032a0dac4faf0d-Hessian2Input,1
apache-dubbo-hessian-lite-ca001b4658227d5122f85bcb45032a0dac4faf0d-Hessian2Input,1
apache-dubbo-hessian-lite-ca001b4658227d5122f85bcb45032a0dac4faf0d-Hessian2Input,1
apache-dubbo-hessian-lite-ca001b4658227d5122f85bcb45032a0dac4faf0d-Hessian2Input,1
apache-dubbo-hessian-lite-ca001b4658227d5122f85bcb45032a0dac4faf0d-Hessian2Input,1
apache-xmlgraphics-commons-d5d782f9fce99774ef206a4a4437fc86f711d9d9-TIFFImage,0.7777777777777778
apache-xmlgraphics-commons-d5d782f9fce99774ef206a4a4437fc86f711d9d9-TIFFImage,1
apache-xmlgraphics-commons-d5d782f9fce99774ef206a4a4437fc86f711d9d9-TIFFImage,1
apache-xmlgraphics-commons-d5d782f9fce99774ef206a4a4437fc86f711d9d9-TIFFImage,1
apache-xmlgraphics-commons-d5d782f9fce99774ef206a4a4437fc86f711d9d9-TIFFImageEncoder,1
awslabs-aws-glue-catalog-sync-agent-for-hive-2ba77e5718c5b1988e711fac37966b40665bc385-HiveGlueCatalogSyncAgent,1
awslabs-aws-glue-catalog-sync-agent-for-hive-2ba77e5718c5b1988e711fac37966b40665bc385-HiveGlueCatalogSyncAgent,1
Azure-azure-functions-java-worker-c92d38cdeb867f2f7e2ae9b2515c32c2ecfd1e41-BindingDataStore,1
Azure-Samples-cassandra-proxy-f184bcaa612808ad9348a629330cc6bc94c13105-Proxy,1
Azure-Samples-cassandra-proxy-f184bcaa612808ad9348a629330cc6bc94c13105-ProxyClient,0.1111111111111111
ben-xo-cdjscrobbler-921fe5394227f1f602174b7c8935697904128d53-UpdateListener,0.25
blackbeard334-djoom3-64362645420c99ac621b051a678de96883e2a329-Window,1
blackbeard334-djoom3-64362645420c99ac621b051a678de96883e2a329-Window,1
bruceran-krpc-33c83d78574a472e3cbfc75afa87ec57253cc90c-Bootstrap,1
chengdedeng-waf-9ba9a18857154830a35e3b10d111d025208f73ef-CCSecurity,1
darmiel-eeee-f4114a3bf831ae88f6cca606f4d0f93ac09cc210-EntryMethod,0.4
datadotworld-dw-jdbc-ac4f7d8a457dce89cbaa9eb33994304e5504fda1-SparqlResultsParser,1
datadotworld-dw-jdbc-ac4f7d8a457dce89cbaa9eb33994304e5504fda1-SparqlResultsParser,1
delthas-JavaMP3-8b42e48a549813b43c99db9fef525286c888a082-Decoder,1
erdtman-java-json-canonicalization-535ab0075405f6aafb96a4197f943838130666d3-NumberDToA,1
erdtman-java-json-canonicalization-535ab0075405f6aafb96a4197f943838130666d3-NumberDToA,1
erdtman-java-json-canonicalization-535ab0075405f6aafb96a4197f943838130666d3-NumberDToA,1
erdtman-java-json-canonicalization-535ab0075405f6aafb96a4197f943838130666d3-NumberDToA,1
EsotericSoftware-yamlbeans-763726d51c99824218051e485e1b44f7477456fa-YamlReader,1
f4b6a3-uuid-creator-f9e6e6d02ecc8dac16a56e4fab1bd24caec8171c-TimeOrderedEpochFactory,1
f4b6a3-uuid-creator-f9e6e6d02ecc8dac16a56e4fab1bd24caec8171c-TimeOrderedEpochFactory,1
fizzed-jne-199d45bd8728807b61356fd1c0f17079b567ed60-JavaHomes,1
gabrie-allaigre-sonar-gitlab-plugin-1a6b20737c0e034fed35f555442fa493c6268e9f-GitLabApiV3Wrapper,1
gabrie-allaigre-sonar-gitlab-plugin-1a6b20737c0e034fed35f555442fa493c6268e9f-GitLabApiV4Wrapper,1
googleapis-disco-to-proto3-converter-32cf5993853b1218e97e54c556f3922f49014eb8-DocumentToProtoConverter,1
graphstream-gs-core-950b87280075f92a85b564b47ce6522ced5ba53a-StyleSheetParserTokenManager,0.041666666666666664
hageldave-ezFFTW-20d97041dfde6731bbfc02980cf2b581c62161ec-FFTTest,0.2
Harium-keel-bb6a1cf5104d609399ddf9a803ae60d6caee7a3b-SingularValueDecomposition,1
Harium-keel-bb6a1cf5104d609399ddf9a803ae60d6caee7a3b-SingularValueDecomposition,1
heroku-heroku-jvm-application-deployer-ffd498f1a94853b30bc0275a6ef495f2ec3a11f7-Main,0.07692307692307693
hoijui-Jawk-33cfbc2bc14bc9c75fedccbe2963ef26b61543dc-AVM,1
hoijui-Jawk-33cfbc2bc14bc9c75fedccbe2963ef26b61543dc-AVM,1
hoijui-Jawk-33cfbc2bc14bc9c75fedccbe2963ef26b61543dc-AwkParser,1
iipc-jwarc-e4ff0fe435c378b68b482a3ca1502b70b33fe872-WarcFilterCompiler,0.14285714285714285
iotaledger-cliri-1f974cafb1c17d96ae7e0a6856f563dcf3794238-Node,1
iotaledger-cliri-1f974cafb1c17d96ae7e0a6856f563dcf3794238-Node,1
Isaac315-sql-translator-78f3fb0091c94563a640ef672de3e75e2b5c3bb2-OracleToMySqlFunctionTransform,1
Isaac315-sql-translator-78f3fb0091c94563a640ef672de3e75e2b5c3bb2-OracleToMySqlFunctionTransform,1
jahlborn-jackcess-22bf8a8642c84fc500f5c66ef59de1f7211f93a3-FormatUtil,1
jahlborn-jackcess-22bf8a8642c84fc500f5c66ef59de1f7211f93a3-FormatUtil,1
jai-imageio-jai-imageio-core-f81bc1ab19faa210ad289c6ae2588bc1157fd07a-BMPImageWriter,1
jai-imageio-jai-imageio-core-f81bc1ab19faa210ad289c6ae2588bc1157fd07a-PNMImageWriter,1
jai-imageio-jai-imageio-core-f81bc1ab19faa210ad289c6ae2588bc1157fd07a-RawRenderedImage,1
jai-imageio-jai-imageio-core-f81bc1ab19faa210ad289c6ae2588bc1157fd07a-RawRenderedImage,1
jai-imageio-jai-imageio-core-f81bc1ab19faa210ad289c6ae2588bc1157fd07a-RawRenderedImage,1
jai-imageio-jai-imageio-core-f81bc1ab19faa210ad289c6ae2588bc1157fd07a-TIFFDecompressor,1
jai-imageio-jai-imageio-core-f81bc1ab19faa210ad289c6ae2588bc1157fd07a-TIFFImageMetadata,1
jai-imageio-jai-imageio-core-f81bc1ab19faa210ad289c6ae2588bc1157fd07a-TIFFImageWriter,1
jai-imageio-jai-imageio-core-f81bc1ab19faa210ad289c6ae2588bc1157fd07a-TIFFImageWriter,1
jano7-executor-afa9dd02560c69e26f4addcd5b68500c5e95241b-KeySequentialBoundedExecutorTest,0.3333333333333333
jenkins-infra-update-center2-5b1203f26470aa07d226974b599e53315a270a92-TieredUpdateSitesGenerator,0.6666666666666666
jessin20161124-miniDubboOpen-a02a5c2b393456861401b14057752fb22a7308ab-FastjsonSerializer,1
jruby-jcodings-4eb6216f88f2b4ce80b555cc58e3f86e88b72c86-Transcoding,1
jruby-joni-d4696c4f6dcdd1484895abae4b9b3c62874759e1-Lexer,1
jtidy-jtidy-aade7c5a6c1007d013859ac95378a2d469f5e254-Lexer,1
jtidy-jtidy-aade7c5a6c1007d013859ac95378a2d469f5e254-PPrint,1
jtidy-jtidy-aade7c5a6c1007d013859ac95378a2d469f5e254-PPrint,1
junichi11-netbeans-color-codes-preview-97a0262a3c15ab5842c43b68019e1e355ad7d3a8-ColorCodesPanel,0.4
keighrim-mae-annotation-a4bf15aaad14f80b4c6a076bd01c58f6e4d07000-FontHandler,1
lastaflute-lastaflute-01201e2eee995053bf6f9febcf58ace01ed38c30-ActionFormMapper,1
lastaflute-lastaflute-01201e2eee995053bf6f9febcf58ace01ed38c30-ActionValidator,1
lastaflute-lastaflute-01201e2eee995053bf6f9febcf58ace01ed38c30-RequestLoggingFilter,1
lastaflute-lastaflute-01201e2eee995053bf6f9febcf58ace01ed38c30-RestfulStructuredMethodVerifier,1
lastaflute-lastaflute-01201e2eee995053bf6f9febcf58ace01ed38c30-SimpleAsyncManager,1
leonhad-paradoxdriver-de3a6ad18b6c7f1d461383876339dc8086beaead-ConnectionInfo,1
leonhad-paradoxdriver-de3a6ad18b6c7f1d461383876339dc8086beaead-SelectPlan,1
loehndorf-scengen-5e11067f76f5631a31b75f823cd3666a769b098f-Generator,1
logpresso-CVE-2021-44228-Scanner-35c37dd6941d6b77d103229302cadd473b97a816-Configuration,0.047619047619047616
lzgabel-camunda-cloud-bpmn-converter-5a301723aa17c90a090c235f91d5491a1f7c249f-IntermediateCatchEventProcessor,0.2727272727272727
maxmind-geoip-api-java-0ed8a38981512667533d47204486aae0278a1bc8-regionName,1
maxmind-geoip-api-java-0ed8a38981512667533d47204486aae0278a1bc8-timeZone,1
messai-engineering-Yuga-40b006970e6e9a1eb5fc13e739f22232c683a965-Yuga,0.8333333333333334
meteoinfo-wContour-dade1e866bf3d3eab56bd09f2b1dcdac5c1ee6f6-Contour,1
meteoinfo-wContour-dade1e866bf3d3eab56bd09f2b1dcdac5c1ee6f6-Contour,1
meteoinfo-wContour-dade1e866bf3d3eab56bd09f2b1dcdac5c1ee6f6-Contour,1
meteoinfo-wContour-dade1e866bf3d3eab56bd09f2b1dcdac5c1ee6f6-Contour,1
meteoinfo-wContour-dade1e866bf3d3eab56bd09f2b1dcdac5c1ee6f6-Contour,1
meteoinfo-wContour-dade1e866bf3d3eab56bd09f2b1dcdac5c1ee6f6-Contour,1
mojohaus-license-maven-plugin-b9ec9b85e32fa978b8bdd9aee018b0bf94a518fe-CalcFileWriter,1
mojohaus-license-maven-plugin-b9ec9b85e32fa978b8bdd9aee018b0bf94a518fe-ExcelFileWriter,1
mvel-mvel-236d37bc78a158553592afedbbf1aa27815efb78-AbstractParser,1
mvel-mvel-236d37bc78a158553592afedbbf1aa27815efb78-ASMAccessorOptimizer,0.9
mvel-mvel-236d37bc78a158553592afedbbf1aa27815efb78-ASMAccessorOptimizer,1
mvel-mvel-236d37bc78a158553592afedbbf1aa27815efb78-ASMAccessorOptimizer,1
narupley-not-going-to-be-commons-ssl-346bb4e8481316687a643219800a398ecd8f62a8-PKCS8Key,1
nothingax-micro-DB-1bbae368f7670f94130606fa65bcbc8ccbb89b98-Aggregate,1
OpenLiberty-ci.common-b48d061d33b28b6dd5d48f52f25e032e3fc45614-DevUtil,1
OWASP-json-sanitizer-fc612ab374de73d03864d56fb87b6a103b234489-JsonSanitizer,1
OWASP-json-sanitizer-fc612ab374de73d03864d56fb87b6a103b234489-JsonSanitizer,1
package-url-packageurl-java-47351deccffb9394df42b913f59ffc00741af0b6-PackageURL,1
PawelGorny-lostword-8e66ab8737a5119a21cef6c948ae7b48f00fdb91-WorkerKnownPosition,0.10526315789473684
PawelGorny-lostword-8e66ab8737a5119a21cef6c948ae7b48f00fdb91-WorkerPool,0.10526315789473684
PawelGorny-lostword-8e66ab8737a5119a21cef6c948ae7b48f00fdb91-WorkerPrintSeeds,0.10526315789473684
PeterisP-morphology-1195adb7bb994292e5b06f2b20f4feb6191ca951-Mijas,1
PeterisP-morphology-1195adb7bb994292e5b06f2b20f4feb6191ca951-Mijas,1
pfmiles-min-velocity-4e8ec4f64681c1d6941bf8d90a51849e87b86cf5-ParserTokenManager,1
pvto-konte-art-03c969d8fd62ba3c7175a840e6a785049183f4b6-ExpressionParser,1
pvto-konte-art-03c969d8fd62ba3c7175a840e6a785049183f4b6-Parser,1
ripreal-V8LogScanner-3789156a0ab07c4b2cdd91e8165ca733ecc01905-CmdAddGroupBy,1
sbesada-java.math.expression.parser-cc92f58f6074b21cf6f5d4056b7f7cc5168f50af-ComplexFunction,1
smola-galimatias-0771a10ef5021181fc172b95ac39e9f4c7ada2e8-URLParser,1
spullara-java-future-jdk8-5925719802af19ccc6602651fc243b2ff3726b4b-CompletableFutureTest,1
sranka-jdbcimage-4b16de3a349a30e5d69633a0fea6e08d486392b9-MainToolBase,1
StarlangSoftware-Corpus-c0b50a746e5179df1b236273bcf1ec6d1cc988c7-SentenceSplitter,1
StarlangSoftware-TurkishMorphologicalAnalysis-26450b47db92b64580a2bfa4a0d7d0bce38edd49-Transition,1
StarlangSoftware-TurkishMorphologicalDisambiguation-bf8dbc2cd835c67178eb896939ad1009b6743486-AutoDisambiguator,1
STEMLab-JIneditor-ccca7bec12fe58583d25da0d13ae038b27d34424-CanvasPanel,1
streamx-co-ExTree-2cb6b78c0eb4dc25fa81f582641b5464779a93fa-ExpressionMethodVisitor,1
streamx-co-FluentJPA-064ce0b468b63fa07aecb0cfc2d352108af1cb40-DSLInterpreter,1
streamx-co-FluentJPA-064ce0b468b63fa07aecb0cfc2d352108af1cb40-DSLInterpreter,1
streamx-co-FluentJPA-064ce0b468b63fa07aecb0cfc2d352108af1cb40-DSLInterpreter,1
streamx-co-FluentJPA-064ce0b468b63fa07aecb0cfc2d352108af1cb40-DSLInterpreter,1
tommyettinger-RegExodus-48a8167a5dc1e381fc741fabd425965a22aa1503-CharacterClass,1
tommyettinger-RegExodus-48a8167a5dc1e381fc741fabd425965a22aa1503-CharacterClass,1
tommyettinger-RegExodus-48a8167a5dc1e381fc741fabd425965a22aa1503-Matcher,0.07142857142857142
tud-fop-j-Algo-f59fbbd9ccc3f41d6866fda44324622e2b47eef2-C00Lexer,1
tvesalainen-bcc-8bfbb307418a422d57370b2df12fdfb1126f3407-ByteCodeDump,1
vangj-jbayes-4f3a542a4cab356b2b4a3d5d735ae0346429ef2d-Evidence,1
vangj-jbayes-4f3a542a4cab356b2b4a3d5d735ae0346429ef2d-Evidence,1
vincentrussell-java-ini-parser-954dd3836aa39dd170202f95e356da1eb86c894d-Ini,1
vizor-games-infraworld-cornerstone-2f8c792393fd8bbfc09d5bfdd36114230f64aa5c-CastGenerator,1
vmzakharov-dataframe-ec-b5cef516c1f02207399f751ba922f9e5347f8f3c-DoubleFormatter,1
vmzakharov-dataframe-ec-b5cef516c1f02207399f751ba922f9e5347f8f3c-LongFormatter,1
wso2-config-mapper-353b0829d3bf3dae92312dea6ff1dddff9a74fe6-KeyMapper,1
wso2-config-mapper-353b0829d3bf3dae92312dea6ff1dddff9a74fe6-Validator,1
xcsp3team-XCSP3-Java-Tools-1567b06e77cb2a8b73a1ce65e4773cbf08f59ce0-XParser,1
ysc-word-daa57fa34645e39c6e0214d1f4698134963b65be-ChineseWordTokenizer,1
ysc-word-daa57fa34645e39c6e0214d1f4698134963b65be-ChineseWordTokenizer,1
Zettelkasten-Team-Zettelkasten-b68dc7638b9f9287c9528d4171a9014e8ba3eed3-ImportFromZkn,1
Zettelkasten-Team-Zettelkasten-b68dc7638b9f9287c9528d4171a9014e8ba3eed3-ImportFromZkn,1
3redronin-mu-server-69683cf8009d7a0ac52452fd4b0abe06ffd0bf87-AsyncSsePublisher,1
3redronin-mu-server-69683cf8009d7a0ac52452fd4b0abe06ffd0bf87-AsyncSsePublisherTest,1
3redronin-mu-server-69683cf8009d7a0ac52452fd4b0abe06ffd0bf87-Http1Response,1
3redronin-mu-server-69683cf8009d7a0ac52452fd4b0abe06ffd0bf87-NettyResponseAdaptor,1
3redronin-mu-server-69683cf8009d7a0ac52452fd4b0abe06ffd0bf87-RateLimiterImpl,1
3redronin-mu-server-69683cf8009d7a0ac52452fd4b0abe06ffd0bf87-RequestBodyReader,1
3redronin-mu-server-69683cf8009d7a0ac52452fd4b0abe06ffd0bf87-RequestBodyReader,1
adobe-commerce-cif-magento-graphql-0bc22bb767a8270f94ee04d85ab2571569a146a1-ProductFilterInput,1
adobe-commerce-cif-magento-graphql-0bc22bb767a8270f94ee04d85ab2571569a146a1-ProductSortInput,1
albfernandez-itext2-5ac684e2140a3d9a5b4c34dfd2639dcc87884ad0-BmpImage,1
albfernandez-itext2-5ac684e2140a3d9a5b4c34dfd2639dcc87884ad0-HTMLWorker,1
albfernandez-itext2-5ac684e2140a3d9a5b4c34dfd2639dcc87884ad0-PushbuttonField,1
albfernandez-itext2-5ac684e2140a3d9a5b4c34dfd2639dcc87884ad0-SAXiTextHandler,1
alfasoftware-soapstone-480e00c3384796efb1b2e69ba611d0234f6af333-WebServiceInvoker,1
alibaba-compileflow-e96a05224f71bf4aa3d9fb37bba85764b2fc153f-DataType,0.125
alibaba-compileflow-e96a05224f71bf4aa3d9fb37bba85764b2fc153f-DataType,1
alibaba-compileflow-e96a05224f71bf4aa3d9fb37bba85764b2fc153f-DataType,1
alibaba-compileflow-e96a05224f71bf4aa3d9fb37bba85764b2fc153f-PluginManager,1
alibaba-compileflow-e96a05224f71bf4aa3d9fb37bba85764b2fc153f-PluginManager,1
apache-commons-compress-ca1052f1347e301b46b1224d6b92198699663763-ParallelScatterZipCreatorTest,1
apache-sling-org-apache-sling-servlets-resolver-75e62e657fc0b2dbbc90287cba23a24116152fce-BundledScriptTracker,0.5
apache-sling-org-apache-sling-servlets-resolver-75e62e657fc0b2dbbc90287cba23a24116152fce-BundledScriptTracker,1
apache-sling-org-apache-sling-servlets-resolver-75e62e657fc0b2dbbc90287cba23a24116152fce-BundledScriptTracker,1
apache-sling-org-apache-sling-servlets-resolver-75e62e657fc0b2dbbc90287cba23a24116152fce-BundledScriptTracker,1
apache-sling-org-apache-sling-servlets-resolver-75e62e657fc0b2dbbc90287cba23a24116152fce-BundledScriptTracker,1
apache-sling-org-apache-sling-servlets-resolver-75e62e657fc0b2dbbc90287cba23a24116152fce-BundledScriptTracker,1
ATLANTBH-owl-f808feae5b021ce37e7a937ab03bf3327be386ad-ServicesUtils,1
attoparser-attoparser-e1049dcd8261fe315b679029e711a9f5ea03f1cc-MarkupSelectorItems,1
attoparser-attoparser-e1049dcd8261fe315b679029e711a9f5ea03f1cc-MarkupSelectorItems,1
attoparser-attoparser-e1049dcd8261fe315b679029e711a9f5ea03f1cc-MarkupSelectorItems,1
bkatwal-kafka-solr-sink-connector-f0d022607f3d5419053bfb0c87a710fb37e00896-PlainJsonDocMappersImpl,1
bkatwal-kafka-solr-sink-connector-f0d022607f3d5419053bfb0c87a710fb37e00896-SolrServiceImpl,1
blackbeard334-djoom3-64362645420c99ac621b051a678de96883e2a329-AASReach,1
blackbeard334-djoom3-64362645420c99ac621b051a678de96883e2a329-AASReach,1
blackbeard334-djoom3-64362645420c99ac621b051a678de96883e2a329-EditWindow,1
blackbeard334-djoom3-64362645420c99ac621b051a678de96883e2a329-Model_lwo,1
blackbeard334-djoom3-64362645420c99ac621b051a678de96883e2a329-Simd_Generic,1
blackbeard334-djoom3-64362645420c99ac621b051a678de96883e2a329-Simd_Generic,1
Blazemeter-xtn5250-240e00411e0c21995e87f5a36dd0f6fee2929af8-XI5250CrtFrame,1
casbin-jcasbin-eb7f93118e4f6d93e44cd779ce17a2f5f2d81387-Model,1
cellsrg-tabbypdf-def8bb08e7733a9b87e593cb5363ef82581628c1-TableRegionDetector,1
chengdedeng-waf-9ba9a18857154830a35e3b10d111d025208f73ef-SecurityConfigItemValidator,1
chengdedeng-waf-9ba9a18857154830a35e3b10d111d025208f73ef-SecurityConfigItemValidator,1
chengdedeng-waf-9ba9a18857154830a35e3b10d111d025208f73ef-ZkClusterService,0.6666666666666666
chengdedeng-waf-9ba9a18857154830a35e3b10d111d025208f73ef-ZkClusterService,1
chengdedeng-waf-9ba9a18857154830a35e3b10d111d025208f73ef-ZkClusterService,1
chengdedeng-waf-9ba9a18857154830a35e3b10d111d025208f73ef-ZkClusterService,1
chengdedeng-waf-9ba9a18857154830a35e3b10d111d025208f73ef-ZkClusterService,1
codeine-cd-codeine-355463b17c671925bc8bd3951dabb98a150dfe36-HealthServlet,1
davidmoten-aws-maven-plugin-e027d61b07cdc0e8b915217f1f6aca9b0f41011d-BeanstalkRemovePortsMojo,1
demidenko05-beigesoft-accounting-0170596e736d3cc69f70c88ced3b9d78f63ddca1-InvoiceReportPdf,1
demidenko05-beigesoft-webstore-624d41d82547ff897ca5b3740d8d73cb2dacf052-PrcRefreshItemsInList,1
demidenko05-beigesoft-webstore-624d41d82547ff897ca5b3740d8d73cb2dacf052-PrcRefreshItemsInList,1
dnsjava-dnsjava-206c9e51ac18e1ed6f82beb16cb6c0ff1f83b095-LookupSession,0.5
domclick-kafka-logback-91d21ace796dd29ef953b86fcd7ebe55f43ca58d-KafkaAppender,1
EsotericSoftware-yamlbeans-763726d51c99824218051e485e1b44f7477456fa-ScalarAnalysis,0.18181818181818182
EsotericSoftware-yamlbeans-763726d51c99824218051e485e1b44f7477456fa-ScalarAnalysis,1
EXIficient-exificient-core-fce10c39fe654c9ae9660454ac6d6d2abc6a48ac-FidelityOptions,1
EXIficient-exificient-core-fce10c39fe654c9ae9660454ac6d6d2abc6a48ac-FidelityOptions,1
EXIficient-exificient-core-fce10c39fe654c9ae9660454ac6d6d2abc6a48ac-FidelityOptions,1
EXIficient-exificient-core-fce10c39fe654c9ae9660454ac6d6d2abc6a48ac-FidelityOptions,1
EXIficient-exificient-core-fce10c39fe654c9ae9660454ac6d6d2abc6a48ac-FidelityOptions,1
EXIficient-exificient-core-fce10c39fe654c9ae9660454ac6d6d2abc6a48ac-FidelityOptions,1
EXIficient-exificient-core-fce10c39fe654c9ae9660454ac6d6d2abc6a48ac-FidelityOptions,1
EXIficient-exificient-core-fce10c39fe654c9ae9660454ac6d6d2abc6a48ac-FidelityOptions,1
fabric8io-docker-maven-plugin-40371e754a6f3122af6d3019508c364627580935-AbstractDockerMojo,1
finos-messageml-utils-8dc8971aee55c36fbc2bce55a5e62ef254cc2eb9-BiContext,1
forcedotcom-wsc-df588f1411b855687b9dfb5cfa69026e92ebb34e-MXParser,1
forcedotcom-wsc-df588f1411b855687b9dfb5cfa69026e92ebb34e-MXParser,1
fsantiag-sonar-clojure-8935e2291d21d57922006bab2f7fdd82d08e415e-EastwoodIssueParser,1
george-haddad-cardme-2cdb02c627d103041288bc57f06b9deeb02f194a-VCardEngine,1
hermannpencole-nifi-config-e4a8a251bd01fd4026ac4fe6868791f4496ce882-ConnectionsUpdater,1
hermannpencole-nifi-config-e4a8a251bd01fd4026ac4fe6868791f4496ce882-ConnectionsUpdater,1
hermannpencole-nifi-config-e4a8a251bd01fd4026ac4fe6868791f4496ce882-ConnectionsUpdater,1
hummeling-if97-a508c11bea77ebc39d6bf8c7b21854947e07ca96-Region3,1
hummeling-if97-a508c11bea77ebc39d6bf8c7b21854947e07ca96-Region3,1
iamazy-elasticsearch-sql2-05a7743fb2bb70816f8255a7e7b3086374b15d8c-BinaryQueryParser,1
iamazy-elasticsearch-sql2-05a7743fb2bb70816f8255a7e7b3086374b15d8c-BinaryQueryParser,1
iamazy-elasticsearch-sql2-05a7743fb2bb70816f8255a7e7b3086374b15d8c-BinaryQueryParser,1
IBlogLab-enhance-gateway-9b175549c6f9228096be92424c712e07686e9e4b-LoggingRecordResource,1
Isaac315-sql-translator-78f3fb0091c94563a640ef672de3e75e2b5c3bb2-OracleSQLDataTypeTransformUtil,1
Isaac315-sql-translator-78f3fb0091c94563a640ef672de3e75e2b5c3bb2-OracleSQLDataTypeTransformUtil,1
jai-imageio-jai-imageio-core-f81bc1ab19faa210ad289c6ae2588bc1157fd07a-BMPImageReader,1
jai-imageio-jai-imageio-core-f81bc1ab19faa210ad289c6ae2588bc1157fd07a-BMPMetadata,1
jai-imageio-jai-imageio-core-f81bc1ab19faa210ad289c6ae2588bc1157fd07a-BMPMetadata,1
jai-imageio-jai-imageio-core-f81bc1ab19faa210ad289c6ae2588bc1157fd07a-PNMImageReader,1
jai-imageio-jai-imageio-core-f81bc1ab19faa210ad289c6ae2588bc1157fd07a-PNMImageReader,1
JeffLi1993-java-core-learning-example-09f71b5606eeec1c65afafa4b3c7eddcc4a96732-CountDownLatchT,0.2222222222222222
jessin20161124-miniDubboOpen-a02a5c2b393456861401b14057752fb22a7308ab-DubboInvoker,1
jessin20161124-miniDubboOpen-a02a5c2b393456861401b14057752fb22a7308ab-NettyServerHandler,1
jetlang-remoting-505aadcc72f28bdf1796ce6fc5b490cece2e5375-JetlangTcpClient,1
jetlang-remoting-505aadcc72f28bdf1796ce6fc5b490cece2e5375-JetlangTcpClient,1
jfinal-jfinal-076e76a4941c989d7f535035295aa3d055123131-ProxyGenerator,1
jhunters-jprotobuf-0e326bf8704027adc8af182e7cebc0e7a9c38e30-PrecompileTask,0.5
jonatan-kazmierczak-class-visualizer-71015106c3316c02d366af71d9883c909d9ac772-GUIHandler,1
joniles-mpxj-91540932b1db27a525f1ee9e9fb9d878acedfc74-MPPAssignmentField,1
joniles-mpxj-91540932b1db27a525f1ee9e9fb9d878acedfc74-MPPProjectField,1
joniles-mpxj-91540932b1db27a525f1ee9e9fb9d878acedfc74-MPPResourceField,1
joniles-mpxj-91540932b1db27a525f1ee9e9fb9d878acedfc74-MPPTaskField,1
jruby-joni-d4696c4f6dcdd1484895abae4b9b3c62874759e1-Matcher,1
jruby-joni-d4696c4f6dcdd1484895abae4b9b3c62874759e1-Matcher,1
jruby-joni-d4696c4f6dcdd1484895abae4b9b3c62874759e1-Matcher,1
junichi11-netbeans-color-codes-preview-97a0262a3c15ab5842c43b68019e1e355ad7d3a8-HexCssColorCodesProvider,1
keighrim-mae-annotation-a4bf15aaad14f80b4c6a076bd01c58f6e4d07000-MaeAgreementGUI,0.5
lastaflute-lastaflute-01201e2eee995053bf6f9febcf58ace01ed38c30-GodHandableAction,0.2
lastaflute-lastaflute-01201e2eee995053bf6f9febcf58ace01ed38c30-JsonUnifiedTextReadingFilter,1
lastaflute-lastaflute-01201e2eee995053bf6f9febcf58ace01ed38c30-MDCHook,1
leonhad-paradoxdriver-de3a6ad18b6c7f1d461383876339dc8086beaead-FunctionNode,1
lettuce-io-lettuce-core-761d60247159662ce1db8bc20318bc4b573bc010-LettuceExtension,0.6666666666666666
lettuce-io-lettuce-core-761d60247159662ce1db8bc20318bc4b573bc010-RedisChannelHandler,1
lettuce-io-lettuce-core-761d60247159662ce1db8bc20318bc4b573bc010-RedisClusterClient,0.5
lettuce-io-lettuce-core-761d60247159662ce1db8bc20318bc4b573bc010-RedisClusterClient,1
lettuce-io-lettuce-core-761d60247159662ce1db8bc20318bc4b573bc010-RedisURI,1
lettuce-io-lettuce-core-761d60247159662ce1db8bc20318bc4b573bc010-StatefulRedisConnectionImpl,1
lettuce-io-lettuce-core-761d60247159662ce1db8bc20318bc4b573bc010-StatefulRedisConnectionImpl,1
mangstadt-biweekly-5baf97e7f64d1daf0c4f6277b3600021be28303e-RecurrenceIteratorFactory,1
MarkShen1992-Mashibing_High_Concurrency-f408144caf72de0391f6e271eec6b92021ab1ca4-TicketSeller2,1
MarkShen1992-Mashibing_High_Concurrency-f408144caf72de0391f6e271eec6b92021ab1ca4-TicketSeller4,1
maven-nar-nar-maven-plugin-e747b5ee080b243e0b817f722a43c9c203bb4df8-Linker,1
maven-nar-nar-maven-plugin-e747b5ee080b243e0b817f722a43c9c203bb4df8-Linker,1
maven-nar-nar-maven-plugin-e747b5ee080b243e0b817f722a43c9c203bb4df8-NarCompileMojo,1
maven-nar-nar-maven-plugin-e747b5ee080b243e0b817f722a43c9c203bb4df8-NarIntegrationTestMojo,1
maven-nar-nar-maven-plugin-e747b5ee080b243e0b817f722a43c9c203bb4df8-NarIntegrationTestMojo,1
mimno-Mallet-ff204eb8aa7f414e779f37843fb68b3e1fdc7015-SVD,1
mimno-Mallet-ff204eb8aa7f414e779f37843fb68b3e1fdc7015-SVD,1
mimno-Mallet-ff204eb8aa7f414e779f37843fb68b3e1fdc7015-SVD,1
monkeymq-jgossip-4bfc8e791381f70d62ea4ad6d8ae952da840dd0d-UDPMsgService,1
Neop-mudmap2-070650853bc37663525f0d62fb54a029e364eafd-WorldFileJSON,1
openskynetwork-java-adsb-7d73726841d98357da360ea631bbe12d3def86cc-ModeSDecoder,1
peterbencze-serritor-158939359c0b0608686afd34bba582c9157dd362-WebDriverFactory,1
pingcap-tidb-loadbalance-b1d62a4561fee7c525ae4c640a10f55c4702755b-StringInspector,1
pingcap-tidb-loadbalance-b1d62a4561fee7c525ae4c640a10f55c4702755b-StringInspector,1
PlayPen-playpen-core-dd867086481d93a439cb0270eaa7272bacf75493-FileProcessListener,0.8
PlayPen-playpen-core-dd867086481d93a439cb0270eaa7272bacf75493-FileProcessListener,1
PlayPen-playpen-core-dd867086481d93a439cb0270eaa7272bacf75493-Network,1
ripreal-V8LogScanner-3789156a0ab07c4b2cdd91e8165ca733ecc01905-LogBuilder,1
ripreal-V8LogScanner-3789156a0ab07c4b2cdd91e8165ca733ecc01905-LogBuilder,1
rythmengine-rythmengine-3439bd728c8e95927cea9146b5d6b59a30c3c516-Time,1
rythmengine-rythmengine-3439bd728c8e95927cea9146b5d6b59a30c3c516-Time,1
rythmengine-rythmengine-3439bd728c8e95927cea9146b5d6b59a30c3c516-Time,1
rythmengine-rythmengine-3439bd728c8e95927cea9146b5d6b59a30c3c516-Time,1
rythmengine-rythmengine-3439bd728c8e95927cea9146b5d6b59a30c3c516-Time,1
Sayi-swagger-diff-e6abc1483ec90859aeba9d9ad4e7fd0368352d47-ModelDiff,1
sbesada-java.math.numerical.library-a2f18eda6de69c937183771d3b1f268e606a8871-FunctionX,1
sbesada-java.math.numerical.library-a2f18eda6de69c937183771d3b1f268e606a8871-FunctionXs,1
seansegal-tincisnotcatan-f7d098c51037cb586147c1bbd5b18c2239df7b32-PlaceInitialSettlement,1
sorra-TraceSonar-53ece361e0e14027d803ecbeb9f3fea76f7176ff-Traceback,1
SpringStudent-GyJdbc-0ca78eb623487f137d94eb719a94464d2d0cbbe8-SQL,1
sranka-jdbcimage-4b16de3a349a30e5d69633a0fea6e08d486392b9-MultiTableConcurrentImport,1
StarlangSoftware-TurkishMorphologicalAnalysis-26450b47db92b64580a2bfa4a0d7d0bce38edd49-FsmMorphologicalAnalyzer,1
StarlangSoftware-TurkishMorphologicalAnalysis-26450b47db92b64580a2bfa4a0d7d0bce38edd49-FsmMorphologicalAnalyzer,1
StarlangSoftware-TurkishMorphologicalAnalysis-26450b47db92b64580a2bfa4a0d7d0bce38edd49-FsmParse,1
StarlangSoftware-TurkishMorphologicalAnalysis-26450b47db92b64580a2bfa4a0d7d0bce38edd49-FsmParse,1
StaticBeagle-ETK4J-393c622d01b9abfcead5c9c0973b4557173502e2-Bessel,1
StaticBeagle-ETK4J-393c622d01b9abfcead5c9c0973b4557173502e2-EigenvalueDecomposition,1
StaticBeagle-ETK4J-393c622d01b9abfcead5c9c0973b4557173502e2-EigenvalueDecomposition,1
stupid1t-poi-excel-7f1834f1e0fa91bed24591ee43e89d95ec39de98-PoiResult,1
sylvainlaurent-swagger-validator-maven-plugin-980ad67cf33eb53ba27d44738bb8fe3aac3dba01-MimeTypeValidator,1
Thare-Lam-fast-elasticsearch-query-builder-bc6e2adf8333363929e68f3c8dc459c320101aef-AggregationHelper,1
TheHolyWaffle-TeamSpeak-3-Java-API-decd7c8bda74246ac9c0f704599cb4c272ba6181-CommandFuture,1
ThreeTen-threetenbp-bdf97bf72f4e5af7ae3c3af1ea8e3407c1451341-DateTimeFormatterBuilder,1
ThreeTen-threetenbp-bdf97bf72f4e5af7ae3c3af1ea8e3407c1451341-DateTimeFormatterBuilder,1
tommyettinger-RegExodus-48a8167a5dc1e381fc741fabd425965a22aa1503-Term,1
tommyettinger-RegExodus-48a8167a5dc1e381fc741fabd425965a22aa1503-Term,1
tommyettinger-RegExodus-48a8167a5dc1e381fc741fabd425965a22aa1503-Term,1
tommyettinger-RegExodus-48a8167a5dc1e381fc741fabd425965a22aa1503-Term,1
tommyettinger-RegExodus-48a8167a5dc1e381fc741fabd425965a22aa1503-Term,1
tommyettinger-RegExodus-48a8167a5dc1e381fc741fabd425965a22aa1503-Term,1
tommyettinger-RegExodus-48a8167a5dc1e381fc741fabd425965a22aa1503-Term,1
tommyettinger-RegExodus-48a8167a5dc1e381fc741fabd425965a22aa1503-Term,1
tommyettinger-RegExodus-48a8167a5dc1e381fc741fabd425965a22aa1503-Term,1
tommyettinger-RegExodus-48a8167a5dc1e381fc741fabd425965a22aa1503-Term,1
tud-fop-j-Algo-f59fbbd9ccc3f41d6866fda44324622e2b47eef2-C00Parser,0.5
tud-fop-j-Algo-f59fbbd9ccc3f41d6866fda44324622e2b47eef2-C00Parser,1
tud-fop-j-Algo-f59fbbd9ccc3f41d6866fda44324622e2b47eef2-C00Parser,1
tud-fop-j-Algo-f59fbbd9ccc3f41d6866fda44324622e2b47eef2-C00Parser,1
unitsofmeasurement-unit-ri-d412fc0b790d7c050dcfb2cba24a4316ece24b5c-DecimalFormat,1
unitsofmeasurement-unit-ri-d412fc0b790d7c050dcfb2cba24a4316ece24b5c-DecimalFormat,1
unitsofmeasurement-unit-ri-d412fc0b790d7c050dcfb2cba24a4316ece24b5c-DecimalFormat,1
vangj-jbayes-4f3a542a4cab356b2b4a3d5d735ae0346429ef2d-Table,1
vizor-games-infraworld-cornerstone-2f8c792393fd8bbfc09d5bfdd36114230f64aa5c-NestedTypesRemover,1
wso2-config-mapper-353b0829d3bf3dae92312dea6ff1dddff9a74fe6-MetaDataParser,1
ysc-word-daa57fa34645e39c6e0214d1f4698134963b65be-DictionaryFactory,1
ysc-word-daa57fa34645e39c6e0214d1f4698134963b65be-DictionaryTools,1
ysc-word-daa57fa34645e39c6e0214d1f4698134963b65be-PureEnglish,1
yuch7-cwlexec-08b3e8ac1017f5a43d4d33699d1c9d4cb32a89e1-IOUtil,1