fragment,last_run_strategy
3redronin-mu-server-69683cf8009d7a0ac52452fd4b0abe06ffd0bf87-AsyncSsePublisher-L174_L178,kex
3redronin-mu-server-69683cf8009d7a0ac52452fd4b0abe06ffd0bf87-AsyncSsePublisherTest-L102_L105,smackRV
3redronin-mu-server-69683cf8009d7a0ac52452fd4b0abe06ffd0bf87-Http1Response-L62_L66,kex
3redronin-mu-server-69683cf8009d7a0ac52452fd4b0abe06ffd0bf87-Http2Connection-L355_L359,kex
3redronin-mu-server-69683cf8009d7a0ac52452fd4b0abe06ffd0bf87-NettyResponseAdaptor-L153_L157,kex
3redronin-mu-server-69683cf8009d7a0ac52452fd4b0abe06ffd0bf87-RateLimiterImpl-L42_L45,kex
3redronin-mu-server-69683cf8009d7a0ac52452fd4b0abe06ffd0bf87-RequestBodyReader-L147_L152,smackRV
3redronin-mu-server-69683cf8009d7a0ac52452fd4b0abe06ffd0bf87-RequestBodyReader-L71_L76,kex
adobe-commerce-cif-magento-graphql-0bc22bb767a8270f94ee04d85ab2571569a146a1-ProductFilterInput-L1411_L1416,kex
adobe-commerce-cif-magento-graphql-0bc22bb767a8270f94ee04d85ab2571569a146a1-ProductSortInput-L1270_L1275,kex
albfernandez-itext2-5ac684e2140a3d9a5b4c34dfd2639dcc87884ad0-BmpImage-L401_L415,kex
albfernandez-itext2-5ac684e2140a3d9a5b4c34dfd2639dcc87884ad0-HTMLWorker-L285_L290,smackEvo
albfernandez-itext2-5ac684e2140a3d9a5b4c34dfd2639dcc87884ad0-PushbuttonField-L476_L492,kex
albfernandez-itext2-5ac684e2140a3d9a5b4c34dfd2639dcc87884ad0-SAXiTextHandler-L460_L474,smackEvo
albfernandez-itext2-5ac684e2140a3d9a5b4c34dfd2639dcc87884ad0-SimpleXMLParser-L377_L383,kex
albfernandez-itext2-5ac684e2140a3d9a5b4c34dfd2639dcc87884ad0-TiffImage-L494_L502,smackRV
alfasoftware-soapstone-480e00c3384796efb1b2e69ba611d0234f6af333-WebServiceInvoker-L99_L103,smackEvo
alibaba-compileflow-e96a05224f71bf4aa3d9fb37bba85764b2fc153f-DataType-L1023_L1033,smackRV
alibaba-compileflow-e96a05224f71bf4aa3d9fb37bba85764b2fc153f-DataType-L1041_L1047,kex
alibaba-compileflow-e96a05224f71bf4aa3d9fb37bba85764b2fc153f-DataType-L1056_L1066,kex
alibaba-compileflow-e96a05224f71bf4aa3d9fb37bba85764b2fc153f-PluginManager-L133_L140,kex
alibaba-compileflow-e96a05224f71bf4aa3d9fb37bba85764b2fc153f-PluginManager-L182_L185,smackEvo
apache-commons-codec-634ac7caba17b3610e8fe3dd19f9f05faf4d1f94-Rule-L223_L227,kex
apache-commons-codec-634ac7caba17b3610e8fe3dd19f9f05faf4d1f94-Rule-L532_L533,kex
apache-commons-compress-ca1052f1347e301b46b1224d6b92198699663763-ParallelScatterZipCreatorTest-L325_L329,smackEvo
apache-commons-imaging-d3b3b534198d2b0b631379515e2b53905b425e70-JpegImageParser-L391_L407,kex
apache-dubbo-hessian-lite-ca001b4658227d5122f85bcb45032a0dac4faf0d-Hessian2Input-L1114_L1114,smackEvo
apache-dubbo-hessian-lite-ca001b4658227d5122f85bcb45032a0dac4faf0d-Hessian2Input-L1404_L1404,smackEvo
apache-dubbo-hessian-lite-ca001b4658227d5122f85bcb45032a0dac4faf0d-Hessian2Input-L1795_L1797,kex
apache-dubbo-hessian-lite-ca001b4658227d5122f85bcb45032a0dac4faf0d-Hessian2Input-L725_L728,kex
apache-dubbo-hessian-lite-ca001b4658227d5122f85bcb45032a0dac4faf0d-Hessian2Input-L899_L902,smackEvo
apache-sling-org-apache-sling-servlets-resolver-75e62e657fc0b2dbbc90287cba23a24116152fce-BundledScriptTracker-L194_L201,smackEvo
apache-sling-org-apache-sling-servlets-resolver-75e62e657fc0b2dbbc90287cba23a24116152fce-BundledScriptTracker-L224_L228,kex
apache-sling-org-apache-sling-servlets-resolver-75e62e657fc0b2dbbc90287cba23a24116152fce-BundledScriptTracker-L260_L268,kex
apache-sling-org-apache-sling-servlets-resolver-75e62e657fc0b2dbbc90287cba23a24116152fce-BundledScriptTracker-L274_L284,kex
apache-sling-org-apache-sling-servlets-resolver-75e62e657fc0b2dbbc90287cba23a24116152fce-BundledScriptTracker-L303_L305,smackEvo
apache-sling-org-apache-sling-servlets-resolver-75e62e657fc0b2dbbc90287cba23a24116152fce-BundledScriptTracker-L492_L496,kex
apache-xmlgraphics-commons-d5d782f9fce99774ef206a4a4437fc86f711d9d9-TIFFImageEncoder-L448_L454,kex
apache-xmlgraphics-commons-d5d782f9fce99774ef206a4a4437fc86f711d9d9-TIFFImage-L1181_L1193,smackRV
apache-xmlgraphics-commons-d5d782f9fce99774ef206a4a4437fc86f711d9d9-TIFFImage-L216_L231,kex
apache-xmlgraphics-commons-d5d782f9fce99774ef206a4a4437fc86f711d9d9-TIFFImage-L931_L943,kex
apache-xmlgraphics-commons-d5d782f9fce99774ef206a4a4437fc86f711d9d9-TIFFImage-L954_L966,kex
ATLANTBH-owl-f808feae5b021ce37e7a937ab03bf3327be386ad-ServicesUtils-L47_L51,kex
attoparser-attoparser-e1049dcd8261fe315b679029e711a9f5ea03f1cc-MarkupSelectorItems-L148_L149,smackEvo
attoparser-attoparser-e1049dcd8261fe315b679029e711a9f5ea03f1cc-MarkupSelectorItems-L249_L255,kex
attoparser-attoparser-e1049dcd8261fe315b679029e711a9f5ea03f1cc-MarkupSelectorItems-L407_L417,smackEvo
awslabs-aws-glue-catalog-sync-agent-for-hive-2ba77e5718c5b1988e711fac37966b40665bc385-HiveGlueCatalogSyncAgent-L371_L383,kex
awslabs-aws-glue-catalog-sync-agent-for-hive-2ba77e5718c5b1988e711fac37966b40665bc385-HiveGlueCatalogSyncAgent-L408_L426,kex
Azure-azure-functions-java-worker-c92d38cdeb867f2f7e2ae9b2515c32c2ecfd1e41-BindingDataStore-L104_L104,smackEvo
Azure-Samples-cassandra-proxy-f184bcaa612808ad9348a629330cc6bc94c13105-ProxyClient-L246_L254,kex
Azure-Samples-cassandra-proxy-f184bcaa612808ad9348a629330cc6bc94c13105-Proxy-L346_L349,smackEvo
ben-xo-cdjscrobbler-921fe5394227f1f602174b7c8935697904128d53-UpdateListener-L99_L109,kex
bkatwal-kafka-solr-sink-connector-f0d022607f3d5419053bfb0c87a710fb37e00896-PlainJsonDocMappersImpl-L103_L108,kex
bkatwal-kafka-solr-sink-connector-f0d022607f3d5419053bfb0c87a710fb37e00896-SolrServiceImpl-L139_L144,kex
blackbeard334-djoom3-64362645420c99ac621b051a678de96883e2a329-AASReach-L542_L546,kex
blackbeard334-djoom3-64362645420c99ac621b051a678de96883e2a329-AASReach-L575_L587,kex
blackbeard334-djoom3-64362645420c99ac621b051a678de96883e2a329-EditWindow-L287_L300,smackRV
blackbeard334-djoom3-64362645420c99ac621b051a678de96883e2a329-Model_lwo-L2980_L2997,kex
blackbeard334-djoom3-64362645420c99ac621b051a678de96883e2a329-Simd_Generic-L1286_L1294,smackRV
blackbeard334-djoom3-64362645420c99ac621b051a678de96883e2a329-Simd_Generic-L1308_L1316,smackRV
blackbeard334-djoom3-64362645420c99ac621b051a678de96883e2a329-Window-L1599_L1604,kex
blackbeard334-djoom3-64362645420c99ac621b051a678de96883e2a329-Window-L1660_L1666,kex
Blazemeter-xtn5250-240e00411e0c21995e87f5a36dd0f6fee2929af8-XI5250CrtFrame-L158_L165,kex
bruceran-krpc-33c83d78574a472e3cbfc75afa87ec57253cc90c-Bootstrap-L598_L604,smackRV
casbin-jcasbin-eb7f93118e4f6d93e44cd779ce17a2f5f2d81387-Model-L332_L336,smackRV
cellsrg-tabbypdf-def8bb08e7733a9b87e593cb5363ef82581628c1-TableRegionDetector-L92_L95,smackEvo
chengdedeng-waf-9ba9a18857154830a35e3b10d111d025208f73ef-CCSecurity-L101_L113,kex
chengdedeng-waf-9ba9a18857154830a35e3b10d111d025208f73ef-SecurityConfigItemValidator-L37_L40,kex
chengdedeng-waf-9ba9a18857154830a35e3b10d111d025208f73ef-SecurityConfigItemValidator-L49_L52,kex
chengdedeng-waf-9ba9a18857154830a35e3b10d111d025208f73ef-ZkClusterService-L131_L138,kex
chengdedeng-waf-9ba9a18857154830a35e3b10d111d025208f73ef-ZkClusterService-L186_L196,kex
chengdedeng-waf-9ba9a18857154830a35e3b10d111d025208f73ef-ZkClusterService-L225_L229,smackEvo
chengdedeng-waf-9ba9a18857154830a35e3b10d111d025208f73ef-ZkClusterService-L253_L257,smackEvo
chengdedeng-waf-9ba9a18857154830a35e3b10d111d025208f73ef-ZkClusterService-L287_L294,kex
codeine-cd-codeine-355463b17c671925bc8bd3951dabb98a150dfe36-HealthServlet-L32_L37,kex
darmiel-eeee-f4114a3bf831ae88f6cca606f4d0f93ac09cc210-EntryMethod-L58_L63,smackEvo
datadotworld-dw-jdbc-ac4f7d8a457dce89cbaa9eb33994304e5504fda1-SparqlResultsParser-L68_L75,smackRV
datadotworld-dw-jdbc-ac4f7d8a457dce89cbaa9eb33994304e5504fda1-SparqlResultsParser-L70_L72,smackEvo
jfinal-jfinal-076e76a4941c989d7f535035295aa3d055123131-ProxyGenerator-L100_L110,kex
jhunters-jprotobuf-0e326bf8704027adc8af182e7cebc0e7a9c38e30-PrecompileTask-L164_L168,smackEvo
jonatan-kazmierczak-class-visualizer-71015106c3316c02d366af71d9883c909d9ac772-GUIHandler-L35_L45,kex
joniles-mpxj-91540932b1db27a525f1ee9e9fb9d878acedfc74-MPPAssignmentField-L56_L59,smackEvo
joniles-mpxj-91540932b1db27a525f1ee9e9fb9d878acedfc74-MPPProjectField-L52_L55,smackEvo
joniles-mpxj-91540932b1db27a525f1ee9e9fb9d878acedfc74-MPPResourceField-L55_L58,smackEvo
joniles-mpxj-91540932b1db27a525f1ee9e9fb9d878acedfc74-MPPTaskField-L55_L58,smackEvo
jruby-jcodings-4eb6216f88f2b4ce80b555cc58e3f86e88b72c86-Transcoding-L231_L245,kex
jruby-joni-d4696c4f6dcdd1484895abae4b9b3c62874759e1-Lexer-L1178_L1183,smackRV
jruby-joni-d4696c4f6dcdd1484895abae4b9b3c62874759e1-Matcher-L341_L349,smackEvo
jruby-joni-d4696c4f6dcdd1484895abae4b9b3c62874759e1-Matcher-L352_L362,kex
jruby-joni-d4696c4f6dcdd1484895abae4b9b3c62874759e1-Matcher-L434_L442,kex
jtidy-jtidy-aade7c5a6c1007d013859ac95378a2d469f5e254-Lexer-L2517_L2525,jdart
jtidy-jtidy-aade7c5a6c1007d013859ac95378a2d469f5e254-PPrint-L737_L778,jdoop
jtidy-jtidy-aade7c5a6c1007d013859ac95378a2d469f5e254-PPrint-L904_L912,smackRV
junichi11-netbeans-color-codes-preview-97a0262a3c15ab5842c43b68019e1e355ad7d3a8-ColorCodesPanel-L102_L108,kex
junichi11-netbeans-color-codes-preview-97a0262a3c15ab5842c43b68019e1e355ad7d3a8-HexCssColorCodesProvider-L121_L131,kex
keighrim-mae-annotation-a4bf15aaad14f80b4c6a076bd01c58f6e4d07000-FontHandler-L129_L132,kex
keighrim-mae-annotation-a4bf15aaad14f80b4c6a076bd01c58f6e4d07000-MaeAgreementGUI-L291_L295,kex
lastaflute-lastaflute-01201e2eee995053bf6f9febcf58ace01ed38c30-ActionFormMapper-L928_L935,smackEvo
lastaflute-lastaflute-01201e2eee995053bf6f9febcf58ace01ed38c30-ActionValidator-L745_L745,kex
lastaflute-lastaflute-01201e2eee995053bf6f9febcf58ace01ed38c30-GodHandableAction-L418_L421,smackEvo
lastaflute-lastaflute-01201e2eee995053bf6f9febcf58ace01ed38c30-JsonUnifiedTextReadingFilter-L45_L52,kex
lastaflute-lastaflute-01201e2eee995053bf6f9febcf58ace01ed38c30-MDCHook-L95_L98,kex
lastaflute-lastaflute-01201e2eee995053bf6f9febcf58ace01ed38c30-RequestLoggingFilter-L751_L754,kex
lastaflute-lastaflute-01201e2eee995053bf6f9febcf58ace01ed38c30-RestfulStructuredMethodVerifier-L423_L423,smackEvo
lastaflute-lastaflute-01201e2eee995053bf6f9febcf58ace01ed38c30-SimpleAsyncManager-L733_L736,kex
leonhad-paradoxdriver-de3a6ad18b6c7f1d461383876339dc8086beaead-ConnectionInfo-L507_L508,smackRV
leonhad-paradoxdriver-de3a6ad18b6c7f1d461383876339dc8086beaead-FunctionNode-L105_L109,smackEvo
magdel-MapNav-97c4f93f02a56aa1ce2b2ffc8d0cd41ed150e9b3-MapCanvas-L1732_L1734,kex
maxmind-geoip-api-java-0ed8a38981512667533d47204486aae0278a1bc8-regionName-L11_L23,kex
maxmind-geoip-api-java-0ed8a38981512667533d47204486aae0278a1bc8-timeZone-L33_L81,smackEvo
messai-engineering-Yuga-40b006970e6e9a1eb5fc13e739f22232c683a965-Yuga-L239_L245,kex
mvel-mvel-236d37bc78a158553592afedbbf1aa27815efb78-AbstractParser-L324_L329,kex
PeterisP-morphology-1195adb7bb994292e5b06f2b20f4feb6191ca951-Mijas-L122_L125,kex
pvto-konte-art-03c969d8fd62ba3c7175a840e6a785049183f4b6-Parser-L611_L613,smackRV
tud-fop-j-Algo-f59fbbd9ccc3f41d6866fda44324622e2b47eef2-C00Lexer-L1628_L1633,kex
tud-fop-j-Algo-f59fbbd9ccc3f41d6866fda44324622e2b47eef2-C00Parser-L1146_L1155,jdart
3redronin-mu-server-69683cf8009d7a0ac52452fd4b0abe06ffd0bf87-Http1Connection-L128_L134,kex
3redronin-mu-server-69683cf8009d7a0ac52452fd4b0abe06ffd0bf87-Http1Connection-L176_L182,kex
3redronin-mu-server-69683cf8009d7a0ac52452fd4b0abe06ffd0bf87-Http1Connection-L97_L108,smackRV
3redronin-mu-server-69683cf8009d7a0ac52452fd4b0abe06ffd0bf87-MuWebSocketSessionImpl-L219_L220,kex
3redronin-mu-server-69683cf8009d7a0ac52452fd4b0abe06ffd0bf87-RestHandler-L142_L147,kex
albfernandez-itext2-5ac684e2140a3d9a5b4c34dfd2639dcc87884ad0-PdfDocument-L1568_L1578,kex
albfernandez-itext2-5ac684e2140a3d9a5b4c34dfd2639dcc87884ad0-PdfDocument-L578_L585,kex
albfernandez-itext2-5ac684e2140a3d9a5b4c34dfd2639dcc87884ad0-PRTokeniser-L442_L457,kex
albfernandez-itext2-5ac684e2140a3d9a5b4c34dfd2639dcc87884ad0-PushbuttonField-L520_L529,smackEvo
alibaba-compileflow-e96a05224f71bf4aa3d9fb37bba85764b2fc153f-PluginManager-L226_L231,kex
apache-dubbo-hessian-lite-ca001b4658227d5122f85bcb45032a0dac4faf0d-Hessian2Input-L2594_L2600,kex
apache-dubbo-hessian-lite-ca001b4658227d5122f85bcb45032a0dac4faf0d-HessianDebugState-L588_L595,kex
AwakenCN-InChat-329de8bc3042b49aeaeb816d38b56e9de4226049-NettyBootstrapServer-L98_L104,kex
axelhjalm-bitwig-midi-fighter-twister-a1ad3eecd81353437619818f3a0cf4db0519194b-VolumesPage-L55_L60,smackRV
Azure-Samples-cassandra-proxy-f184bcaa612808ad9348a629330cc6bc94c13105-ProxyClient-L174_L183,kex
blackbeard334-djoom3-64362645420c99ac621b051a678de96883e2a329-idMatX-L5969_L5984,kex
blackbeard334-djoom3-64362645420c99ac621b051a678de96883e2a329-Parser-L2344_L2368,kex
davidmoten-aws-maven-plugin-e027d61b07cdc0e8b915217f1f6aca9b0f41011d-BeanstalkRemovePortsMojo-L103_L108,smackEvo
delthas-JavaMP3-8b42e48a549813b43c99db9fef525286c888a082-Decoder-L711_L714,smackRV
demidenko05-beigesoft-accounting-0170596e736d3cc69f70c88ced3b9d78f63ddca1-InvoiceReportPdf-L142_L148,kex
demidenko05-beigesoft-webstore-624d41d82547ff897ca5b3740d8d73cb2dacf052-PrcRefreshItemsInList-L776_L783,kex
demidenko05-beigesoft-webstore-624d41d82547ff897ca5b3740d8d73cb2dacf052-PrcRefreshItemsInList-L798_L821,smackRV
dingjs-javaagent-aa1cea60d0042f58977fb5d42c16afca92ad589d-Executor-L282_L293,kex
dnsjava-dnsjava-206c9e51ac18e1ed6f82beb16cb6c0ff1f83b095-LookupSession-L302_L306,smackEvo
domclick-kafka-logback-91d21ace796dd29ef953b86fcd7ebe55f43ca58d-KafkaAppender-L95_L104,kex
erdtman-java-json-canonicalization-535ab0075405f6aafb96a4197f943838130666d3-NumberDToA-L461_L466,jdoop
erdtman-java-json-canonicalization-535ab0075405f6aafb96a4197f943838130666d3-NumberDToA-L468_L473,smackRV
erdtman-java-json-canonicalization-535ab0075405f6aafb96a4197f943838130666d3-NumberDToA-L523_L532,kex
erdtman-java-json-canonicalization-535ab0075405f6aafb96a4197f943838130666d3-NumberDToA-L828_L839,kex
errai-errai-d2edc4632373096f8d81c93f18cd874fa5501b90-JsTypeAntiInliningExtension-L94_L95,smackEvo
EsotericSoftware-yamlbeans-763726d51c99824218051e485e1b44f7477456fa-ScalarAnalysis-L154_L163,smackEvo
EsotericSoftware-yamlbeans-763726d51c99824218051e485e1b44f7477456fa-ScalarAnalysis-L88_L99,kex
EsotericSoftware-yamlbeans-763726d51c99824218051e485e1b44f7477456fa-YamlReader-L350_L359,kex
EXIficient-exificient-core-fce10c39fe654c9ae9660454ac6d6d2abc6a48ac-FidelityOptions-L395_L406,kex
EXIficient-exificient-core-fce10c39fe654c9ae9660454ac6d6d2abc6a48ac-FidelityOptions-L431_L442,kex
EXIficient-exificient-core-fce10c39fe654c9ae9660454ac6d6d2abc6a48ac-FidelityOptions-L460_L471,smackEvo
EXIficient-exificient-core-fce10c39fe654c9ae9660454ac6d6d2abc6a48ac-FidelityOptions-L497_L508,kex
EXIficient-exificient-core-fce10c39fe654c9ae9660454ac6d6d2abc6a48ac-FidelityOptions-L592_L607,smackEvo
EXIficient-exificient-core-fce10c39fe654c9ae9660454ac6d6d2abc6a48ac-FidelityOptions-L631_L642,smackEvo
EXIficient-exificient-core-fce10c39fe654c9ae9660454ac6d6d2abc6a48ac-FidelityOptions-L660_L671,smackEvo
EXIficient-exificient-core-fce10c39fe654c9ae9660454ac6d6d2abc6a48ac-FidelityOptions-L697_L708,smackEvo
f4b6a3-uuid-creator-f9e6e6d02ecc8dac16a56e4fab1bd24caec8171c-TimeOrderedEpochFactory-L415_L416,kex
f4b6a3-uuid-creator-f9e6e6d02ecc8dac16a56e4fab1bd24caec8171c-TimeOrderedEpochFactory-L431_L434,kex
fabric8io-docker-maven-plugin-40371e754a6f3122af6d3019508c364627580935-AbstractDockerMojo-L496_L499,smackEvo
finmath-finmath-lib-ad5d22e93e335cd88c95f8f2d7ba6336e3947e68-Black76Model-L334_L342,kex
finmath-finmath-lib-ad5d22e93e335cd88c95f8f2d7ba6336e3947e68-Black76Model-L351_L360,kex
finos-messageml-utils-8dc8971aee55c36fbc2bce55a5e62ef254cc2eb9-BiContext-L101_L104,kex
fizzed-jne-199d45bd8728807b61356fd1c0f17079b567ed60-JavaHomes-L211_L213,smackEvo
forcedotcom-wsc-df588f1411b855687b9dfb5cfa69026e92ebb34e-MXParser-L1929_L1942,kex
forcedotcom-wsc-df588f1411b855687b9dfb5cfa69026e92ebb34e-MXParser-L1964_L1969,kex
fsantiag-sonar-clojure-8935e2291d21d57922006bab2f7fdd82d08e415e-EastwoodIssueParser-L23_L30,kex
gabrie-allaigre-sonar-gitlab-plugin-1a6b20737c0e034fed35f555442fa493c6268e9f-GitLabApiV3Wrapper-L251_L255,kex
gabrie-allaigre-sonar-gitlab-plugin-1a6b20737c0e034fed35f555442fa493c6268e9f-GitLabApiV4Wrapper-L257_L261,kex
george-haddad-cardme-2cdb02c627d103041288bc57f06b9deeb02f194a-VCardEngine-L2345_L2353,kex
googleapis-disco-to-proto3-converter-32cf5993853b1218e97e54c556f3922f49014eb8-DocumentToProtoConverter-L222_L226,smackEvo
graphstream-gs-core-950b87280075f92a85b564b47ce6522ced5ba53a-StyleSheetParserTokenManager-L72_L96,kex
hageldave-ezFFTW-20d97041dfde6731bbfc02980cf2b581c62161ec-FFTTest-L209_L220,smackRV
Harium-keel-bb6a1cf5104d609399ddf9a803ae60d6caee7a3b-SingularValueDecomposition-L180_L188,kex
Harium-keel-bb6a1cf5104d609399ddf9a803ae60d6caee7a3b-SingularValueDecomposition-L243_L256,smackRV
HelixNetwork-pendulum-919ae1df7ca4359aad6b9a4575beb9d3ca4de8ef-SnapshotServiceImpl-L142_L142,smackEvo
hermannpencole-nifi-config-e4a8a251bd01fd4026ac4fe6868791f4496ce882-ConnectionsUpdater-L102_L106,kex
hermannpencole-nifi-config-e4a8a251bd01fd4026ac4fe6868791f4496ce882-ConnectionsUpdater-L111_L115,kex
hermannpencole-nifi-config-e4a8a251bd01fd4026ac4fe6868791f4496ce882-ConnectionsUpdater-L122_L126,kex
heroku-heroku-jvm-application-deployer-ffd498f1a94853b30bc0275a6ef495f2ec3a11f7-Main-L110_L117,kex
hoijui-Jawk-33cfbc2bc14bc9c75fedccbe2963ef26b61543dc-AVM-L563_L584,smackEvo
hoijui-Jawk-33cfbc2bc14bc9c75fedccbe2963ef26b61543dc-AVM-L849_L862,kex
hoijui-Jawk-33cfbc2bc14bc9c75fedccbe2963ef26b61543dc-AwkParser-L697_L710,kex
hummeling-if97-a508c11bea77ebc39d6bf8c7b21854947e07ca96-Region3-L1201_L1206,kex
hummeling-if97-a508c11bea77ebc39d6bf8c7b21854947e07ca96-Region3-L1209_L1216,kex
iamazy-elasticsearch-sql2-05a7743fb2bb70816f8255a7e7b3086374b15d8c-BinaryQueryParser-L29_L35,kex
iamazy-elasticsearch-sql2-05a7743fb2bb70816f8255a7e7b3086374b15d8c-BinaryQueryParser-L85_L89,smackEvo
iamazy-elasticsearch-sql2-05a7743fb2bb70816f8255a7e7b3086374b15d8c-BinaryQueryParser-L99_L111,smackRV
IBlogLab-enhance-gateway-9b175549c6f9228096be92424c712e07686e9e4b-LoggingRecordResource-L169_L174,kex
iipc-jwarc-e4ff0fe435c378b68b482a3ca1502b70b33fe872-WarcFilterCompiler-L144_L154,smackRV
iotaledger-cliri-1f974cafb1c17d96ae7e0a6856f563dcf3794238-Node-L200_L208,smackEvo
iotaledger-cliri-1f974cafb1c17d96ae7e0a6856f563dcf3794238-Node-L203_L207,smackEvo
Isaac315-sql-translator-78f3fb0091c94563a640ef672de3e75e2b5c3bb2-OracleSQLDataTypeTransformUtil-L209_L216,smackEvo
Isaac315-sql-translator-78f3fb0091c94563a640ef672de3e75e2b5c3bb2-OracleSQLDataTypeTransformUtil-L87_L97,smackRV
Isaac315-sql-translator-78f3fb0091c94563a640ef672de3e75e2b5c3bb2-OracleToMySqlFunctionTransform-L110_L119,smackEvo
Isaac315-sql-translator-78f3fb0091c94563a640ef672de3e75e2b5c3bb2-OracleToMySqlFunctionTransform-L117_L117,smackEvo
jahlborn-jackcess-22bf8a8642c84fc500f5c66ef59de1f7211f93a3-FormatUtil-L1091_L1092,kex
jahlborn-jackcess-22bf8a8642c84fc500f5c66ef59de1f7211f93a3-FormatUtil-L1099_L1102,kex
jai-imageio-jai-imageio-core-f81bc1ab19faa210ad289c6ae2588bc1157fd07a-BMPImageReader-L470_L492,kex
jai-imageio-jai-imageio-core-f81bc1ab19faa210ad289c6ae2588bc1157fd07a-BMPImageWriter-L679_L684,kex
jai-imageio-jai-imageio-core-f81bc1ab19faa210ad289c6ae2588bc1157fd07a-BMPMetadata-L1006_L1027,kex
jai-imageio-jai-imageio-core-f81bc1ab19faa210ad289c6ae2588bc1157fd07a-BMPMetadata-L952_L960,kex
jai-imageio-jai-imageio-core-f81bc1ab19faa210ad289c6ae2588bc1157fd07a-PNMImageReader-L427_L436,smackRV
jai-imageio-jai-imageio-core-f81bc1ab19faa210ad289c6ae2588bc1157fd07a-PNMImageReader-L463_L475,jdart
jai-imageio-jai-imageio-core-f81bc1ab19faa210ad289c6ae2588bc1157fd07a-PNMImageWriter-L443_L454,smackEvo
jai-imageio-jai-imageio-core-f81bc1ab19faa210ad289c6ae2588bc1157fd07a-RawRenderedImage-L312_L319,smackEvo
jai-imageio-jai-imageio-core-f81bc1ab19faa210ad289c6ae2588bc1157fd07a-RawRenderedImage-L451_L464,smackEvo
jai-imageio-jai-imageio-core-f81bc1ab19faa210ad289c6ae2588bc1157fd07a-RawRenderedImage-L537_L545,smackRV
jai-imageio-jai-imageio-core-f81bc1ab19faa210ad289c6ae2588bc1157fd07a-TIFFDecompressor-L1143_L1152,smackEvo
jai-imageio-jai-imageio-core-f81bc1ab19faa210ad289c6ae2588bc1157fd07a-TIFFImageMetadata-L888_L905,kex
jai-imageio-jai-imageio-core-f81bc1ab19faa210ad289c6ae2588bc1157fd07a-TIFFImageWriter-L1762_L1767,kex
jai-imageio-jai-imageio-core-f81bc1ab19faa210ad289c6ae2588bc1157fd07a-TIFFImageWriter-L745_L750,kex
jano7-executor-afa9dd02560c69e26f4addcd5b68500c5e95241b-KeySequentialBoundedExecutorTest-L113_L117,smackEvo
JeffLi1993-java-core-learning-example-09f71b5606eeec1c65afafa4b3c7eddcc4a96732-CountDownLatchT-L26_L34,kex
jenkins-infra-update-center2-5b1203f26470aa07d226974b599e53315a270a92-TieredUpdateSitesGenerator-L108_L113,smackEvo
jessin20161124-miniDubboOpen-a02a5c2b393456861401b14057752fb22a7308ab-DubboInvoker-L56_L60,kex
jessin20161124-miniDubboOpen-a02a5c2b393456861401b14057752fb22a7308ab-FastjsonSerializer-L269_L270,smackEvo
jessin20161124-miniDubboOpen-a02a5c2b393456861401b14057752fb22a7308ab-NettyServerHandler-L104_L111,kex
jetlang-remoting-505aadcc72f28bdf1796ce6fc5b490cece2e5375-JetlangTcpClient-L220_L225,kex
jetlang-remoting-505aadcc72f28bdf1796ce6fc5b490cece2e5375-JetlangTcpClient-L337_L338,smackEvo
leonhad-paradoxdriver-de3a6ad18b6c7f1d461383876339dc8086beaead-SelectPlan-L292_L298,smackRV
lettuce-io-lettuce-core-761d60247159662ce1db8bc20318bc4b573bc010-LettuceExtension-L220_L228,kex
lettuce-io-lettuce-core-761d60247159662ce1db8bc20318bc4b573bc010-RedisChannelHandler-L183_L190,smackRV
lettuce-io-lettuce-core-761d60247159662ce1db8bc20318bc4b573bc010-RedisClusterClient-L1016_L1024,smackRV
lettuce-io-lettuce-core-761d60247159662ce1db8bc20318bc4b573bc010-RedisClusterClient-L997_L1004,kex
lettuce-io-lettuce-core-761d60247159662ce1db8bc20318bc4b573bc010-RedisURI-L926_L930,smackRV
lettuce-io-lettuce-core-761d60247159662ce1db8bc20318bc4b573bc010-StatefulRedisConnectionImpl-L189_L191,kex
lettuce-io-lettuce-core-761d60247159662ce1db8bc20318bc4b573bc010-StatefulRedisConnectionImpl-L220_L225,kex
loehndorf-scengen-5e11067f76f5631a31b75f823cd3666a769b098f-Generator-L186_L195,kex
logpresso-CVE-2021-44228-Scanner-35c37dd6941d6b77d103229302cadd473b97a816-Configuration-L348_L364,jdart
lzgabel-camunda-cloud-bpmn-converter-5a301723aa17c90a090c235f91d5491a1f7c249f-IntermediateCatchEventProcessor-L48_L61,kex
magdel-MapNav-97c4f93f02a56aa1ce2b2ffc8d0cd41ed150e9b3-MapCanvas-L5412_L5414,smackEvo
magdel-MapNav-97c4f93f02a56aa1ce2b2ffc8d0cd41ed150e9b3-MapForms-L1022_L1049,smackRV
mangstadt-biweekly-5baf97e7f64d1daf0c4f6277b3600021be28303e-RecurrenceIteratorFactory-L232_L233,smackEvo
MarkShen1992-Mashibing_High_Concurrency-f408144caf72de0391f6e271eec6b92021ab1ca4-TicketSeller2-L26_L34,kex
MarkShen1992-Mashibing_High_Concurrency-f408144caf72de0391f6e271eec6b92021ab1ca4-TicketSeller4-L26_L33,kex
maven-nar-nar-maven-plugin-e747b5ee080b243e0b817f722a43c9c203bb4df8-Linker-L408_L417,kex
maven-nar-nar-maven-plugin-e747b5ee080b243e0b817f722a43c9c203bb4df8-Linker-L430_L442,smackEvo
maven-nar-nar-maven-plugin-e747b5ee080b243e0b817f722a43c9c203bb4df8-NarCompileMojo-L352_L362,smackRV
maven-nar-nar-maven-plugin-e747b5ee080b243e0b817f722a43c9c203bb4df8-NarIntegrationTestMojo-L708_L718,kex
maven-nar-nar-maven-plugin-e747b5ee080b243e0b817f722a43c9c203bb4df8-NarIntegrationTestMojo-L952_L955,smackEvo
meteoinfo-wContour-dade1e866bf3d3eab56bd09f2b1dcdac5c1ee6f6-Contour-L118_L138,smackRV
meteoinfo-wContour-dade1e866bf3d3eab56bd09f2b1dcdac5c1ee6f6-Contour-L1699_L1708,kex
meteoinfo-wContour-dade1e866bf3d3eab56bd09f2b1dcdac5c1ee6f6-Contour-L1710_L1725,kex
meteoinfo-wContour-dade1e866bf3d3eab56bd09f2b1dcdac5c1ee6f6-Contour-L238_L255,smackRV
meteoinfo-wContour-dade1e866bf3d3eab56bd09f2b1dcdac5c1ee6f6-Contour-L3109_L3123,kex
meteoinfo-wContour-dade1e866bf3d3eab56bd09f2b1dcdac5c1ee6f6-Contour-L4177_L4190,kex
mimno-Mallet-ff204eb8aa7f414e779f37843fb68b3e1fdc7015-SVD-L161_L168,smackRV
mimno-Mallet-ff204eb8aa7f414e779f37843fb68b3e1fdc7015-SVD-L415_L417,kex
blackbeard334-djoom3-64362645420c99ac621b051a678de96883e2a329-Codec-L269_L281,jdart
blackbeard334-djoom3-64362645420c99ac621b051a678de96883e2a329-snd_world-L1522_L1526,kex
cacfd3a-java-nfa-646a76c291253614abc5708107dee7b4387ca784-NFA-L101_L103,kex
cellsrg-tabbypdf-def8bb08e7733a9b87e593cb5363ef82581628c1-PdfDataExtractor-L101_L106,kex
cellsrg-tabbypdf-def8bb08e7733a9b87e593cb5363ef82581628c1-TableRegionDetector-L254_L257,kex
codelibs-jcifs-c9ad4eeaf763ad764cb485c4149a0b236eaa7d3e-SmbSessionImpl-L898_L902,kex
codelibs-jcifs-c9ad4eeaf763ad764cb485c4149a0b236eaa7d3e-SmbSessionImpl-L949_L955,kex
dakusui-jcunit-5e081ae71f7e1ab8326aed77612a97c983c9dc06-IpoGplus-L201_L201,smackEvo
dakusui-jcunit-5e081ae71f7e1ab8326aed77612a97c983c9dc06-Joiner-L322_L327,kex
delthas-JavaMP3-8b42e48a549813b43c99db9fef525286c888a082-Decoder-L648_L660,smackRV
graphstream-gs-core-950b87280075f92a85b564b47ce6522ced5ba53a-GraphDiff-L203_L210,kex
graphstream-gs-core-950b87280075f92a85b564b47ce6522ced5ba53a-GraphDiff-L214_L215,kex
HelixNetwork-pendulum-919ae1df7ca4359aad6b9a4575beb9d3ca4de8ef-RocksDBPersistenceProvider-L295_L302,kex
inversoft-restify-8522579dded221db5c3822274ecd11a2b6426082-FormDataBodyHandler-L156_L162,kex
iris-edu-stationxml-seed-converter-7526c0b8fd214af02a767142d97638e7bc129dd9-SeedToXmlDocumentConverter-L129_L135,
JoonasVali-jartin-d54d145b05666c9e5661fd27ab4c128eb05f1c9f-Stamp-L67_L71,kex
redis-lettuce-761d60247159662ce1db8bc20318bc4b573bc010-StatefulRedisConnectionImpl-L203_L214,kex
mimno-Mallet-ff204eb8aa7f414e779f37843fb68b3e1fdc7015-SVD-L69_L78,kex
mjsalerno-UnoBot-4ee2ef9abe11a299a434f9ea998b6dddd8a4b0aa-UnoBot-L576_L587,smackRV
mojohaus-license-maven-plugin-b9ec9b85e32fa978b8bdd9aee018b0bf94a518fe-CalcFileWriter-L608_L620,kex
mojohaus-license-maven-plugin-b9ec9b85e32fa978b8bdd9aee018b0bf94a518fe-ExcelFileWriter-L483_L495,kex
monkeymq-jgossip-4bfc8e791381f70d62ea4ad6d8ae952da840dd0d-UDPMsgService-L97_L101,kex
mvel-mvel-236d37bc78a158553592afedbbf1aa27815efb78-ASMAccessorOptimizer-L1212_L1220,kex
mvel-mvel-236d37bc78a158553592afedbbf1aa27815efb78-ASMAccessorOptimizer-L1833_L1842,kex
mvel-mvel-236d37bc78a158553592afedbbf1aa27815efb78-ASMAccessorOptimizer-L1991_L1996,kex
narupley-not-going-to-be-commons-ssl-346bb4e8481316687a643219800a398ecd8f62a8-PKCS8Key-L659_L695,kex
Neop-mudmap2-070650853bc37663525f0d62fb54a029e364eafd-WorldFileJSON-L347_L362,kex
nothingax-micro-DB-1bbae368f7670f94130606fa65bcbc8ccbb89b98-Aggregate-L74_L81,kex
OpenLiberty-ci.common-b48d061d33b28b6dd5d48f52f25e032e3fc45614-DevUtil-L4311_L4320,smackRV
openskynetwork-java-adsb-7d73726841d98357da360ea631bbe12d3def86cc-ModeSDecoder-L146_L152,smackRV
OWASP-json-sanitizer-fc612ab374de73d03864d56fb87b6a103b234489-JsonSanitizer-L342_L350,kex
OWASP-json-sanitizer-fc612ab374de73d03864d56fb87b6a103b234489-JsonSanitizer-L353_L362,jdart
package-url-packageurl-java-47351deccffb9394df42b913f59ffc00741af0b6-PackageURL-L419_L422,kex
PawelGorny-lostword-8e66ab8737a5119a21cef6c948ae7b48f00fdb91-WorkerKnownPosition-L88_L102,
PawelGorny-lostword-8e66ab8737a5119a21cef6c948ae7b48f00fdb91-WorkerPool-L77_L91,
PawelGorny-lostword-8e66ab8737a5119a21cef6c948ae7b48f00fdb91-WorkerPrintSeeds-L97_L111,
peterbencze-serritor-158939359c0b0608686afd34bba582c9157dd362-WebDriverFactory-L96_L104,kex
PeterisP-morphology-1195adb7bb994292e5b06f2b20f4feb6191ca951-Mijas-L767_L774,kex
pfmiles-min-velocity-4e8ec4f64681c1d6941bf8d90a51849e87b86cf5-ParserTokenManager-L4456_L4460,kex
pingcap-tidb-loadbalance-b1d62a4561fee7c525ae4c640a10f55c4702755b-StringInspector-L418_L424,kex
pingcap-tidb-loadbalance-b1d62a4561fee7c525ae4c640a10f55c4702755b-StringInspector-L453_L463,kex
PlayPen-playpen-core-dd867086481d93a439cb0270eaa7272bacf75493-FileProcessListener-L40_L45,kex
PlayPen-playpen-core-dd867086481d93a439cb0270eaa7272bacf75493-FileProcessListener-L54_L59,smackEvo
PlayPen-playpen-core-dd867086481d93a439cb0270eaa7272bacf75493-Network-L376_L383,kex
pvto-konte-art-03c969d8fd62ba3c7175a840e6a785049183f4b6-ExpressionParser-L173_L189,kex
ripreal-V8LogScanner-3789156a0ab07c4b2cdd91e8165ca733ecc01905-CmdAddGroupBy-L26_L28,smackEvo
ripreal-V8LogScanner-3789156a0ab07c4b2cdd91e8165ca733ecc01905-LogBuilder-L656_L663,kex
ripreal-V8LogScanner-3789156a0ab07c4b2cdd91e8165ca733ecc01905-LogBuilder-L667_L673,kex
rythmengine-rythmengine-3439bd728c8e95927cea9146b5d6b59a30c3c516-Time-L1019_L1024,smackEvo
rythmengine-rythmengine-3439bd728c8e95927cea9146b5d6b59a30c3c516-Time-L1026_L1031,smackEvo
rythmengine-rythmengine-3439bd728c8e95927cea9146b5d6b59a30c3c516-Time-L1033_L1038,smackEvo
rythmengine-rythmengine-3439bd728c8e95927cea9146b5d6b59a30c3c516-Time-L600_L610,kex
rythmengine-rythmengine-3439bd728c8e95927cea9146b5d6b59a30c3c516-Time-L972_L998,jdoop
Sayi-swagger-diff-e6abc1483ec90859aeba9d9ad4e7fd0368352d47-ModelDiff-L130_L133,smackEvo
sbesada-java.math.expression.parser-cc92f58f6074b21cf6f5d4056b7f7cc5168f50af-ComplexFunction-L102_L107,kex
sbesada-java.math.numerical.library-a2f18eda6de69c937183771d3b1f268e606a8871-FunctionX-L321_L326,kex
sbesada-java.math.numerical.library-a2f18eda6de69c937183771d3b1f268e606a8871-FunctionXs-L414_L425,kex
seansegal-tincisnotcatan-f7d098c51037cb586147c1bbd5b18c2239df7b32-PlaceInitialSettlement-L90_L97,smackEvo
smola-galimatias-0771a10ef5021181fc172b95ac39e9f4c7ada2e8-URLParser-L472_L479,smackEvo
sorra-TraceSonar-53ece361e0e14027d803ecbeb9f3fea76f7176ff-Traceback-L49_L55,smackEvo
SpringStudent-GyJdbc-0ca78eb623487f137d94eb719a94464d2d0cbbe8-SQL-L108_L114,kex
spullara-java-future-jdk8-5925719802af19ccc6602651fc243b2ff3726b4b-CompletableFutureTest-L356_L364,smackEvo
sranka-jdbcimage-4b16de3a349a30e5d69633a0fea6e08d486392b9-MainToolBase-L387_L390,kex
sranka-jdbcimage-4b16de3a349a30e5d69633a0fea6e08d486392b9-MultiTableConcurrentImport-L39_L44,kex
StarlangSoftware-Corpus-c0b50a746e5179df1b236273bcf1ec6d1cc988c7-SentenceSplitter-L319_L362,kex
StarlangSoftware-TurkishMorphologicalAnalysis-26450b47db92b64580a2bfa4a0d7d0bce38edd49-FsmMorphologicalAnalyzer-L419_L434,kex
StarlangSoftware-TurkishMorphologicalAnalysis-26450b47db92b64580a2bfa4a0d7d0bce38edd49-FsmMorphologicalAnalyzer-L494_L502,kex
StarlangSoftware-TurkishMorphologicalAnalysis-26450b47db92b64580a2bfa4a0d7d0bce38edd49-FsmParse-L615_L623,smackEvo
StarlangSoftware-TurkishMorphologicalAnalysis-26450b47db92b64580a2bfa4a0d7d0bce38edd49-FsmParse-L631_L637,smackEvo
StarlangSoftware-TurkishMorphologicalAnalysis-26450b47db92b64580a2bfa4a0d7d0bce38edd49-Transition-L317_L330,kex
StarlangSoftware-TurkishMorphologicalDisambiguation-bf8dbc2cd835c67178eb896939ad1009b6743486-AutoDisambiguator-L275_L281,kex
StaticBeagle-ETK4J-393c622d01b9abfcead5c9c0973b4557173502e2-Bessel-L297_L300,kex
StaticBeagle-ETK4J-393c622d01b9abfcead5c9c0973b4557173502e2-EigenvalueDecomposition-L520_L532,smackRV
StaticBeagle-ETK4J-393c622d01b9abfcead5c9c0973b4557173502e2-EigenvalueDecomposition-L570_L576,smackRV
STEMLab-JIneditor-ccca7bec12fe58583d25da0d13ae038b27d34424-CanvasPanel-L401_L417,kex
streamx-co-ExTree-2cb6b78c0eb4dc25fa81f582641b5464779a93fa-ExpressionMethodVisitor-L435_L437,kex
streamx-co-FluentJPA-064ce0b468b63fa07aecb0cfc2d352108af1cb40-DSLInterpreter-L564_L564,smackEvo
streamx-co-FluentJPA-064ce0b468b63fa07aecb0cfc2d352108af1cb40-DSLInterpreter-L566_L574,smackRV
streamx-co-FluentJPA-064ce0b468b63fa07aecb0cfc2d352108af1cb40-DSLInterpreter-L667_L668,smackEvo
streamx-co-FluentJPA-064ce0b468b63fa07aecb0cfc2d352108af1cb40-DSLInterpreter-L746_L753,kex
stupid1t-poi-excel-7f1834f1e0fa91bed24591ee43e89d95ec39de98-PoiResult-L80_L88,smackRV
sylvainlaurent-swagger-validator-maven-plugin-980ad67cf33eb53ba27d44738bb8fe3aac3dba01-MimeTypeValidator-L75_L79,smackEvo
Thare-Lam-fast-elasticsearch-query-builder-bc6e2adf8333363929e68f3c8dc459c320101aef-AggregationHelper-L43_L54,smackEvo
TheHolyWaffle-TeamSpeak-3-Java-API-decd7c8bda74246ac9c0f704599cb4c272ba6181-CommandFuture-L792_L796,kex
ThreeTen-threetenbp-bdf97bf72f4e5af7ae3c3af1ea8e3407c1451341-DateTimeFormatterBuilder-L1397_L1403,kex
ThreeTen-threetenbp-bdf97bf72f4e5af7ae3c3af1ea8e3407c1451341-DateTimeFormatterBuilder-L1476_L1485,kex
tommyettinger-RegExodus-48a8167a5dc1e381fc741fabd425965a22aa1503-CharacterClass-L507_L519,smackRV
tommyettinger-RegExodus-48a8167a5dc1e381fc741fabd425965a22aa1503-CharacterClass-L551_L564,smackRV
tommyettinger-RegExodus-48a8167a5dc1e381fc741fabd425965a22aa1503-Matcher-L1423_L1427,smackRV
tommyettinger-RegExodus-48a8167a5dc1e381fc741fabd425965a22aa1503-Term-L1129_L1141,smackRV
tommyettinger-RegExodus-48a8167a5dc1e381fc741fabd425965a22aa1503-Term-L1146_L1159,smackRV
tommyettinger-RegExodus-48a8167a5dc1e381fc741fabd425965a22aa1503-Term-L1242_L1246,smackRV
tommyettinger-RegExodus-48a8167a5dc1e381fc741fabd425965a22aa1503-Term-L1462_L1464,smackEvo
tommyettinger-RegExodus-48a8167a5dc1e381fc741fabd425965a22aa1503-Term-L1474_L1476,smackEvo
tommyettinger-RegExodus-48a8167a5dc1e381fc741fabd425965a22aa1503-Term-L1618_L1626,smackEvo
tommyettinger-RegExodus-48a8167a5dc1e381fc741fabd425965a22aa1503-Term-L1633_L1635,smackEvo
tommyettinger-RegExodus-48a8167a5dc1e381fc741fabd425965a22aa1503-Term-L1650_L1653,smackEvo
tommyettinger-RegExodus-48a8167a5dc1e381fc741fabd425965a22aa1503-Term-L1841_L1850,smackRV
tommyettinger-RegExodus-48a8167a5dc1e381fc741fabd425965a22aa1503-Term-L1895_L1912,kex
tommyettinger-RegExodus-48a8167a5dc1e381fc741fabd425965a22aa1503-Term-L1975_L2002,kex
tommyettinger-RegExodus-48a8167a5dc1e381fc741fabd425965a22aa1503-Term-L521_L539,kex
tud-fop-j-Algo-f59fbbd9ccc3f41d6866fda44324622e2b47eef2-C00Parser-L2611_L2627,smackRV
tud-fop-j-Algo-f59fbbd9ccc3f41d6866fda44324622e2b47eef2-C00Parser-L3663_L3671,smackRV
tud-fop-j-Algo-f59fbbd9ccc3f41d6866fda44324622e2b47eef2-C00Parser-L4496_L4505,smackRV
tvesalainen-bcc-8bfbb307418a422d57370b2df12fdfb1126f3407-ByteCodeDump-L428_L437,kex
uber-common-jvm-profiler-07ecfce5bbae89cae1415296d4c6eb7cdd7b7dfa-DatadogOutputReporter-L43_L49,smackEvo
unitsofmeasurement-unit-ri-d412fc0b790d7c050dcfb2cba24a4316ece24b5c-DecimalFormat-L1895_L1900,kex
unitsofmeasurement-unit-ri-d412fc0b790d7c050dcfb2cba24a4316ece24b5c-DecimalFormat-L1927_L1931,kex
unitsofmeasurement-unit-ri-d412fc0b790d7c050dcfb2cba24a4316ece24b5c-DecimalFormat-L1941_L1946,kex
vangj-jbayes-4f3a542a4cab356b2b4a3d5d735ae0346429ef2d-Evidence-L259_L263,smackEvo
vangj-jbayes-4f3a542a4cab356b2b4a3d5d735ae0346429ef2d-Evidence-L267_L267,smackEvo
vangj-jbayes-4f3a542a4cab356b2b4a3d5d735ae0346429ef2d-Table-L40_L51,kex
vincentrussell-java-ini-parser-954dd3836aa39dd170202f95e356da1eb86c894d-Ini-L153_L156,smackEvo
vizor-games-infraworld-cornerstone-2f8c792393fd8bbfc09d5bfdd36114230f64aa5c-CastGenerator-L242_L252,kex
vizor-games-infraworld-cornerstone-2f8c792393fd8bbfc09d5bfdd36114230f64aa5c-NestedTypesRemover-L117_L128,smackRV
vmzakharov-dataframe-ec-b5cef516c1f02207399f751ba922f9e5347f8f3c-DoubleFormatter-L33_L42,kex
vmzakharov-dataframe-ec-b5cef516c1f02207399f751ba922f9e5347f8f3c-LongFormatter-L33_L43,kex
wso2-config-mapper-353b0829d3bf3dae92312dea6ff1dddff9a74fe6-KeyMapper-L62_L62,smackEvo
wso2-config-mapper-353b0829d3bf3dae92312dea6ff1dddff9a74fe6-MetaDataParser-L126_L134,smackRV
wso2-config-mapper-353b0829d3bf3dae92312dea6ff1dddff9a74fe6-Validator-L154_L160,kex
xcsp3team-XCSP3-Java-Tools-1567b06e77cb2a8b73a1ce65e4773cbf08f59ce0-ProblemDataHandler-L176_L181,kex
xcsp3team-XCSP3-Java-Tools-1567b06e77cb2a8b73a1ce65e4773cbf08f59ce0-ProblemDataHandler-L186_L192,kex
xcsp3team-XCSP3-Java-Tools-1567b06e77cb2a8b73a1ce65e4773cbf08f59ce0-XParser-L331_L339,kex
ysc-word-daa57fa34645e39c6e0214d1f4698134963b65be-ChineseWordTokenizer-L139_L141,smackEvo
ysc-word-daa57fa34645e39c6e0214d1f4698134963b65be-ChineseWordTokenizer-L148_L150,smackEvo
ysc-word-daa57fa34645e39c6e0214d1f4698134963b65be-DictionaryFactory-L211_L220,kex
ysc-word-daa57fa34645e39c6e0214d1f4698134963b65be-DictionaryTools-L101_L113,kex
ysc-word-daa57fa34645e39c6e0214d1f4698134963b65be-PureEnglish-L82_L88,kex
yuch7-cwlexec-08b3e8ac1017f5a43d4d33699d1c9d4cb32a89e1-IOUtil-L469_L475,kex
Zettelkasten-Team-Zettelkasten-b68dc7638b9f9287c9528d4171a9014e8ba3eed3-ImportFromZkn-L621_L638,kex
Zettelkasten-Team-Zettelkasten-b68dc7638b9f9287c9528d4171a9014e8ba3eed3-ImportFromZkn-L771_L806,kex
LHNCBC-metamaplite-3eac19c131c1c24c16a8e279d171c3747bd1fc76-MetaMapLite-L1588_L1607,
meteoinfo-wContour-dade1e866bf3d3eab56bd09f2b1dcdac5c1ee6f6-Contour-L270_L317,smackRV
mimno-Mallet-ff204eb8aa7f414e779f37843fb68b3e1fdc7015-SimpleTaggerWithConstraints-L439_L445,kex
mimno-Mallet-ff204eb8aa7f414e779f37843fb68b3e1fdc7015-Vectors2Classify-L268_L274,smackRV
msemys-esjc-2953c0bbdb6192502a786f47873aed8ab0ef9c93-EventStoreTcp-L867_L868,kex
msemys-esjc-2953c0bbdb6192502a786f47873aed8ab0ef9c93-IdentificationHandler-L91_L92,smackEvo
mvel-mvel-236d37bc78a158553592afedbbf1aa27815efb78-MathProcessor-L350_L364,kex
pmlopes-aws-lambda-native-vertx-46ebe9755ea5c0f8473db95e21dc7d0c556ad230-LambdaBootstrap-L119_L127,kex
remondis-it-pact-consumer-builder-4350f58d646d7aade31dc1caed7fb380b9cd143e-ConsumerBuilderImpl-L241_L242,smackEvo
streamx-co-ExTree-2cb6b78c0eb4dc25fa81f582641b5464779a93fa-Interpreter-L383_L420,kex
streamx-co-FluentJPA-064ce0b468b63fa07aecb0cfc2d352108af1cb40-DSLInterpreter-L809_L811,smackEvo
streamx-co-FluentJPA-064ce0b468b63fa07aecb0cfc2d352108af1cb40-DSLInterpreter-L815_L820,kex
SvenEwald-xmlbeam-84a2a91c216622c611a948d88792c846b532aa0a-ExpressionTypeEvaluationVisitor-L136_L152,kex
swtcpro-jingtum-lib-java-793e75b9d350ae7385551191bf0b75b307d05354-Remote-L537_L545,kex
toolbox4minecraft-amidst-86ffd6004a3ab2a88b9325de420a596665f0df75-FragmentQueueProcessor-L69_L75,smackRV
vert-x3-vertx-docgen-ec8245f872ba95ca8fdf967edba001fd841cdc35-BaseProcessor-L169_L172,kex
vmzakharov-dataframe-ec-b5cef516c1f02207399f751ba922f9e5347f8f3c-DataFrame-L1780_L1782,kex
walmartlabs-gozer-694f2cd0e3341dd2d4eaf61467ef9f91881ddb4d-X12TransactionSplitter-L234_L234,kex
yinlou-mltk-f50c42986fdd016e7da38d5e381ed24d8fe87e41-Visualizer-L123_L139,kex