3redronin-mu-server-69683cf8009d7a0ac52452fd4b0abe06ffd0bf87-AsyncSsePublisher-L174_L178,dev,9,13,
3redronin-mu-server-69683cf8009d7a0ac52452fd4b0abe06ffd0bf87-AsyncSsePublisher-L174_L178,evosuite,
3redronin-mu-server-69683cf8009d7a0ac52452fd4b0abe06ffd0bf87-AsyncSsePublisher-L174_L178,randoop,
3redronin-mu-server-69683cf8009d7a0ac52452fd4b0abe06ffd0bf87-AsyncSsePublisherTest-L102_L105,dev,0,9,10,11,14,17,
3redronin-mu-server-69683cf8009d7a0ac52452fd4b0abe06ffd0bf87-AsyncSsePublisherTest-L102_L105,evosuite,
3redronin-mu-server-69683cf8009d7a0ac52452fd4b0abe06ffd0bf87-AsyncSsePublisherTest-L102_L105,randoop,
3redronin-mu-server-69683cf8009d7a0ac52452fd4b0abe06ffd0bf87-Http1Connection-L128_L134,dev,0,8,9,11,15,16,20,
3redronin-mu-server-69683cf8009d7a0ac52452fd4b0abe06ffd0bf87-Http1Connection-L128_L134,evosuite,
3redronin-mu-server-69683cf8009d7a0ac52452fd4b0abe06ffd0bf87-Http1Connection-L128_L134,randoop,
3redronin-mu-server-69683cf8009d7a0ac52452fd4b0abe06ffd0bf87-Http1Connection-L176_L182,dev,0,8,9,13,16,19,20,27,29,
3redronin-mu-server-69683cf8009d7a0ac52452fd4b0abe06ffd0bf87-Http1Connection-L176_L182,evosuite,
3redronin-mu-server-69683cf8009d7a0ac52452fd4b0abe06ffd0bf87-Http1Connection-L176_L182,randoop,
3redronin-mu-server-69683cf8009d7a0ac52452fd4b0abe06ffd0bf87-Http1Connection-L97_L108,dev,0,9,10,12,21,23,46,50,58,59,60,63,66,70,
3redronin-mu-server-69683cf8009d7a0ac52452fd4b0abe06ffd0bf87-Http1Connection-L97_L108,evosuite,
3redronin-mu-server-69683cf8009d7a0ac52452fd4b0abe06ffd0bf87-Http1Connection-L97_L108,randoop,
3redronin-mu-server-69683cf8009d7a0ac52452fd4b0abe06ffd0bf87-Http1Response-L62_L66,dev,4,
3redronin-mu-server-69683cf8009d7a0ac52452fd4b0abe06ffd0bf87-Http1Response-L62_L66,evosuite,
3redronin-mu-server-69683cf8009d7a0ac52452fd4b0abe06ffd0bf87-Http1Response-L62_L66,randoop,
3redronin-mu-server-69683cf8009d7a0ac52452fd4b0abe06ffd0bf87-Http2Connection-L355_L359,dev,
3redronin-mu-server-69683cf8009d7a0ac52452fd4b0abe06ffd0bf87-Http2Connection-L355_L359,evosuite,
3redronin-mu-server-69683cf8009d7a0ac52452fd4b0abe06ffd0bf87-Http2Connection-L355_L359,randoop,
3redronin-mu-server-69683cf8009d7a0ac52452fd4b0abe06ffd0bf87-MuWebSocketSessionImpl-L219_L220,dev,5,
3redronin-mu-server-69683cf8009d7a0ac52452fd4b0abe06ffd0bf87-MuWebSocketSessionImpl-L219_L220,evosuite,
3redronin-mu-server-69683cf8009d7a0ac52452fd4b0abe06ffd0bf87-MuWebSocketSessionImpl-L219_L220,randoop,
3redronin-mu-server-69683cf8009d7a0ac52452fd4b0abe06ffd0bf87-NettyResponseAdaptor-L153_L157,dev,3,4,5,8,11,15,
3redronin-mu-server-69683cf8009d7a0ac52452fd4b0abe06ffd0bf87-NettyResponseAdaptor-L153_L157,evosuite,
3redronin-mu-server-69683cf8009d7a0ac52452fd4b0abe06ffd0bf87-NettyResponseAdaptor-L153_L157,randoop,
3redronin-mu-server-69683cf8009d7a0ac52452fd4b0abe06ffd0bf87-RateLimiterImpl-L42_L45,dev,4,5,6,13,15,19,20,24,
3redronin-mu-server-69683cf8009d7a0ac52452fd4b0abe06ffd0bf87-RateLimiterImpl-L42_L45,evosuite,
3redronin-mu-server-69683cf8009d7a0ac52452fd4b0abe06ffd0bf87-RateLimiterImpl-L42_L45,randoop,
3redronin-mu-server-69683cf8009d7a0ac52452fd4b0abe06ffd0bf87-RequestBodyReader-L147_L152,dev,
3redronin-mu-server-69683cf8009d7a0ac52452fd4b0abe06ffd0bf87-RequestBodyReader-L147_L152,evosuite,
3redronin-mu-server-69683cf8009d7a0ac52452fd4b0abe06ffd0bf87-RequestBodyReader-L147_L152,randoop,
3redronin-mu-server-69683cf8009d7a0ac52452fd4b0abe06ffd0bf87-RequestBodyReader-L71_L76,dev,0,9,11,17,18,19,20,24,29,
3redronin-mu-server-69683cf8009d7a0ac52452fd4b0abe06ffd0bf87-RequestBodyReader-L71_L76,evosuite,
3redronin-mu-server-69683cf8009d7a0ac52452fd4b0abe06ffd0bf87-RequestBodyReader-L71_L76,randoop,
3redronin-mu-server-69683cf8009d7a0ac52452fd4b0abe06ffd0bf87-RestHandler-L142_L147,dev,
3redronin-mu-server-69683cf8009d7a0ac52452fd4b0abe06ffd0bf87-RestHandler-L142_L147,evosuite,
3redronin-mu-server-69683cf8009d7a0ac52452fd4b0abe06ffd0bf87-RestHandler-L142_L147,randoop,
adobe-commerce-cif-magento-graphql-0bc22bb767a8270f94ee04d85ab2571569a146a1-ProductFilterInput-L1411_L1416,dev,
adobe-commerce-cif-magento-graphql-0bc22bb767a8270f94ee04d85ab2571569a146a1-ProductFilterInput-L1411_L1416,evosuite,
adobe-commerce-cif-magento-graphql-0bc22bb767a8270f94ee04d85ab2571569a146a1-ProductFilterInput-L1411_L1416,randoop,
adobe-commerce-cif-magento-graphql-0bc22bb767a8270f94ee04d85ab2571569a146a1-ProductSortInput-L1270_L1275,dev,
adobe-commerce-cif-magento-graphql-0bc22bb767a8270f94ee04d85ab2571569a146a1-ProductSortInput-L1270_L1275,evosuite,
adobe-commerce-cif-magento-graphql-0bc22bb767a8270f94ee04d85ab2571569a146a1-ProductSortInput-L1270_L1275,randoop,
albfernandez-itext2-5ac684e2140a3d9a5b4c34dfd2639dcc87884ad0-BmpImage-L401_L415,dev,17,58,60,113,
albfernandez-itext2-5ac684e2140a3d9a5b4c34dfd2639dcc87884ad0-BmpImage-L401_L415,evosuite,
albfernandez-itext2-5ac684e2140a3d9a5b4c34dfd2639dcc87884ad0-BmpImage-L401_L415,randoop,
albfernandez-itext2-5ac684e2140a3d9a5b4c34dfd2639dcc87884ad0-HTMLWorker-L285_L290,dev,17,
albfernandez-itext2-5ac684e2140a3d9a5b4c34dfd2639dcc87884ad0-HTMLWorker-L285_L290,evosuite,5,7,16,17,18,25,28,
albfernandez-itext2-5ac684e2140a3d9a5b4c34dfd2639dcc87884ad0-HTMLWorker-L285_L290,randoop,
albfernandez-itext2-5ac684e2140a3d9a5b4c34dfd2639dcc87884ad0-PdfDocument-L1568_L1578,dev,3,8,41,60,65,113,162,
albfernandez-itext2-5ac684e2140a3d9a5b4c34dfd2639dcc87884ad0-PdfDocument-L1568_L1578,evosuite,3,8,41,59,60,61,62,63,65,94,95,96,97,100,101,108,109,110,111,112,113,114,115,116,136,137,138,139,140,141,142,143,144,145,146,147,148,149,150,151,157,158,159,162,165,
albfernandez-itext2-5ac684e2140a3d9a5b4c34dfd2639dcc87884ad0-PdfDocument-L1568_L1578,randoop,
albfernandez-itext2-5ac684e2140a3d9a5b4c34dfd2639dcc87884ad0-PdfDocument-L578_L585,dev,17,109,110,112,121,124,
albfernandez-itext2-5ac684e2140a3d9a5b4c34dfd2639dcc87884ad0-PdfDocument-L578_L585,evosuite,0,1,2,3,4,5,6,7,8,9,10,11,12,13,14,15,16,17,18,19,20,49,64,65,66,67,68,70,96,97,98,99,108,109,110,111,112,119,121,124,134,
albfernandez-itext2-5ac684e2140a3d9a5b4c34dfd2639dcc87884ad0-PdfDocument-L578_L585,randoop,
albfernandez-itext2-5ac684e2140a3d9a5b4c34dfd2639dcc87884ad0-PRTokeniser-L442_L457,dev,17,315,
albfernandez-itext2-5ac684e2140a3d9a5b4c34dfd2639dcc87884ad0-PRTokeniser-L442_L457,evosuite,
albfernandez-itext2-5ac684e2140a3d9a5b4c34dfd2639dcc87884ad0-PRTokeniser-L442_L457,randoop,
albfernandez-itext2-5ac684e2140a3d9a5b4c34dfd2639dcc87884ad0-PushbuttonField-L476_L492,dev,17,
albfernandez-itext2-5ac684e2140a3d9a5b4c34dfd2639dcc87884ad0-PushbuttonField-L476_L492,evosuite,
albfernandez-itext2-5ac684e2140a3d9a5b4c34dfd2639dcc87884ad0-PushbuttonField-L476_L492,randoop,
albfernandez-itext2-5ac684e2140a3d9a5b4c34dfd2639dcc87884ad0-PushbuttonField-L520_L529,dev,113,
albfernandez-itext2-5ac684e2140a3d9a5b4c34dfd2639dcc87884ad0-PushbuttonField-L520_L529,evosuite,
albfernandez-itext2-5ac684e2140a3d9a5b4c34dfd2639dcc87884ad0-PushbuttonField-L520_L529,randoop,
albfernandez-itext2-5ac684e2140a3d9a5b4c34dfd2639dcc87884ad0-SAXiTextHandler-L460_L474,dev,
albfernandez-itext2-5ac684e2140a3d9a5b4c34dfd2639dcc87884ad0-SAXiTextHandler-L460_L474,evosuite,9,10,11,12,13,14,21,22,23,24,25,26,27,34,35,36,37,38,39,40,47,48,49,50,51,52,53,66,
albfernandez-itext2-5ac684e2140a3d9a5b4c34dfd2639dcc87884ad0-SAXiTextHandler-L460_L474,randoop,
albfernandez-itext2-5ac684e2140a3d9a5b4c34dfd2639dcc87884ad0-SimpleXMLParser-L377_L383,dev,17,
albfernandez-itext2-5ac684e2140a3d9a5b4c34dfd2639dcc87884ad0-SimpleXMLParser-L377_L383,evosuite,
albfernandez-itext2-5ac684e2140a3d9a5b4c34dfd2639dcc87884ad0-SimpleXMLParser-L377_L383,randoop,
albfernandez-itext2-5ac684e2140a3d9a5b4c34dfd2639dcc87884ad0-TiffImage-L494_L502,dev,6,7,8,10,11,14,24,25,40,43,45,47,52,74,76,83,84,86,92,113,115,116,118,127,128,129,130,136,160,161,162,163,164,
albfernandez-itext2-5ac684e2140a3d9a5b4c34dfd2639dcc87884ad0-TiffImage-L494_L502,evosuite,
albfernandez-itext2-5ac684e2140a3d9a5b4c34dfd2639dcc87884ad0-TiffImage-L494_L502,randoop,
alfasoftware-soapstone-480e00c3384796efb1b2e69ba611d0234f6af333-WebServiceInvoker-L99_L103,dev,
alfasoftware-soapstone-480e00c3384796efb1b2e69ba611d0234f6af333-WebServiceInvoker-L99_L103,evosuite,
alfasoftware-soapstone-480e00c3384796efb1b2e69ba611d0234f6af333-WebServiceInvoker-L99_L103,randoop,
alibaba-compileflow-e96a05224f71bf4aa3d9fb37bba85764b2fc153f-DataType-L1023_L1033,dev,
alibaba-compileflow-e96a05224f71bf4aa3d9fb37bba85764b2fc153f-DataType-L1023_L1033,evosuite,
alibaba-compileflow-e96a05224f71bf4aa3d9fb37bba85764b2fc153f-DataType-L1023_L1033,randoop,
alibaba-compileflow-e96a05224f71bf4aa3d9fb37bba85764b2fc153f-DataType-L1041_L1047,dev,
alibaba-compileflow-e96a05224f71bf4aa3d9fb37bba85764b2fc153f-DataType-L1041_L1047,evosuite,
alibaba-compileflow-e96a05224f71bf4aa3d9fb37bba85764b2fc153f-DataType-L1041_L1047,randoop,
alibaba-compileflow-e96a05224f71bf4aa3d9fb37bba85764b2fc153f-DataType-L1056_L1066,dev,
alibaba-compileflow-e96a05224f71bf4aa3d9fb37bba85764b2fc153f-DataType-L1056_L1066,evosuite,
alibaba-compileflow-e96a05224f71bf4aa3d9fb37bba85764b2fc153f-DataType-L1056_L1066,randoop,
alibaba-compileflow-e96a05224f71bf4aa3d9fb37bba85764b2fc153f-PluginManager-L133_L140,dev,
alibaba-compileflow-e96a05224f71bf4aa3d9fb37bba85764b2fc153f-PluginManager-L133_L140,evosuite,
alibaba-compileflow-e96a05224f71bf4aa3d9fb37bba85764b2fc153f-PluginManager-L133_L140,randoop,
alibaba-compileflow-e96a05224f71bf4aa3d9fb37bba85764b2fc153f-PluginManager-L182_L185,dev,
alibaba-compileflow-e96a05224f71bf4aa3d9fb37bba85764b2fc153f-PluginManager-L182_L185,evosuite,
alibaba-compileflow-e96a05224f71bf4aa3d9fb37bba85764b2fc153f-PluginManager-L182_L185,randoop,
alibaba-compileflow-e96a05224f71bf4aa3d9fb37bba85764b2fc153f-PluginManager-L226_L231,dev,
alibaba-compileflow-e96a05224f71bf4aa3d9fb37bba85764b2fc153f-PluginManager-L226_L231,evosuite,
alibaba-compileflow-e96a05224f71bf4aa3d9fb37bba85764b2fc153f-PluginManager-L226_L231,randoop,
apache-commons-codec-634ac7caba17b3610e8fe3dd19f9f05faf4d1f94-Rule-L223_L227,dev,13,
apache-commons-codec-634ac7caba17b3610e8fe3dd19f9f05faf4d1f94-Rule-L223_L227,evosuite,13,
apache-commons-codec-634ac7caba17b3610e8fe3dd19f9f05faf4d1f94-Rule-L223_L227,randoop,
apache-commons-codec-634ac7caba17b3610e8fe3dd19f9f05faf4d1f94-Rule-L532_L533,dev,0,1,2,3,4,5,6,7,8,9,51,52,100,104,105,106,107,108,114,115,116,117,
apache-commons-codec-634ac7caba17b3610e8fe3dd19f9f05faf4d1f94-Rule-L532_L533,evosuite,0,1,2,3,6,8,9,51,52,100,104,105,106,107,108,114,115,116,117,
apache-commons-codec-634ac7caba17b3610e8fe3dd19f9f05faf4d1f94-Rule-L532_L533,randoop,
apache-commons-compress-ca1052f1347e301b46b1224d6b92198699663763-ParallelScatterZipCreatorTest-L325_L329,dev,
apache-commons-compress-ca1052f1347e301b46b1224d6b92198699663763-ParallelScatterZipCreatorTest-L325_L329,evosuite,
apache-commons-compress-ca1052f1347e301b46b1224d6b92198699663763-ParallelScatterZipCreatorTest-L325_L329,randoop,
apache-commons-imaging-d3b3b534198d2b0b631379515e2b53905b425e70-JpegImageParser-L391_L407,dev,
apache-commons-imaging-d3b3b534198d2b0b631379515e2b53905b425e70-JpegImageParser-L391_L407,evosuite,3,12,13,14,21,22,24,30,31,33,39,40,41,42,49,52,53,55,56,61,62,63,64,65,66,73,76,82,
apache-commons-imaging-d3b3b534198d2b0b631379515e2b53905b425e70-JpegImageParser-L391_L407,randoop,
apache-dubbo-hessian-lite-ca001b4658227d5122f85bcb45032a0dac4faf0d-Hessian2Input-L1114_L1114,dev,
apache-dubbo-hessian-lite-ca001b4658227d5122f85bcb45032a0dac4faf0d-Hessian2Input-L1114_L1114,evosuite,
apache-dubbo-hessian-lite-ca001b4658227d5122f85bcb45032a0dac4faf0d-Hessian2Input-L1114_L1114,randoop,
apache-dubbo-hessian-lite-ca001b4658227d5122f85bcb45032a0dac4faf0d-Hessian2Input-L1404_L1404,dev,
apache-dubbo-hessian-lite-ca001b4658227d5122f85bcb45032a0dac4faf0d-Hessian2Input-L1404_L1404,evosuite,0,1,2,3,4,5,6,7,8,9,10,11,12,13,14,15,27,28,29,30,31,32,33,34,35,36,39,
apache-dubbo-hessian-lite-ca001b4658227d5122f85bcb45032a0dac4faf0d-Hessian2Input-L1404_L1404,randoop,
apache-dubbo-hessian-lite-ca001b4658227d5122f85bcb45032a0dac4faf0d-Hessian2Input-L1795_L1797,dev,
apache-dubbo-hessian-lite-ca001b4658227d5122f85bcb45032a0dac4faf0d-Hessian2Input-L1795_L1797,evosuite,
apache-dubbo-hessian-lite-ca001b4658227d5122f85bcb45032a0dac4faf0d-Hessian2Input-L1795_L1797,randoop,
apache-dubbo-hessian-lite-ca001b4658227d5122f85bcb45032a0dac4faf0d-Hessian2Input-L2594_L2600,dev,
apache-dubbo-hessian-lite-ca001b4658227d5122f85bcb45032a0dac4faf0d-Hessian2Input-L2594_L2600,evosuite,6,7,8,9,10,15,16,17,18,21,23,26,29,
apache-dubbo-hessian-lite-ca001b4658227d5122f85bcb45032a0dac4faf0d-Hessian2Input-L2594_L2600,randoop,
apache-dubbo-hessian-lite-ca001b4658227d5122f85bcb45032a0dac4faf0d-Hessian2Input-L725_L728,dev,
apache-dubbo-hessian-lite-ca001b4658227d5122f85bcb45032a0dac4faf0d-Hessian2Input-L725_L728,evosuite,0,1,2,3,20,21,22,23,40,41,42,43,58,59,60,61,62,64,65,66,67,68,
apache-dubbo-hessian-lite-ca001b4658227d5122f85bcb45032a0dac4faf0d-Hessian2Input-L725_L728,randoop,
apache-dubbo-hessian-lite-ca001b4658227d5122f85bcb45032a0dac4faf0d-Hessian2Input-L899_L902,dev,10,11,12,13,14,18,19,20,21,32,33,34,35,36,39,40,41,42,43,54,55,56,57,58,61,62,63,64,65,
apache-dubbo-hessian-lite-ca001b4658227d5122f85bcb45032a0dac4faf0d-Hessian2Input-L899_L902,evosuite,20,21,42,43,64,65,
apache-dubbo-hessian-lite-ca001b4658227d5122f85bcb45032a0dac4faf0d-Hessian2Input-L899_L902,randoop,
apache-dubbo-hessian-lite-ca001b4658227d5122f85bcb45032a0dac4faf0d-HessianDebugState-L588_L595,dev,
apache-dubbo-hessian-lite-ca001b4658227d5122f85bcb45032a0dac4faf0d-HessianDebugState-L588_L595,evosuite,
apache-dubbo-hessian-lite-ca001b4658227d5122f85bcb45032a0dac4faf0d-HessianDebugState-L588_L595,randoop,
apache-sling-org-apache-sling-servlets-resolver-75e62e657fc0b2dbbc90287cba23a24116152fce-BundledScriptTracker-L194_L201,dev,
apache-sling-org-apache-sling-servlets-resolver-75e62e657fc0b2dbbc90287cba23a24116152fce-BundledScriptTracker-L194_L201,evosuite,
apache-sling-org-apache-sling-servlets-resolver-75e62e657fc0b2dbbc90287cba23a24116152fce-BundledScriptTracker-L194_L201,randoop,
apache-sling-org-apache-sling-servlets-resolver-75e62e657fc0b2dbbc90287cba23a24116152fce-BundledScriptTracker-L224_L228,dev,
apache-sling-org-apache-sling-servlets-resolver-75e62e657fc0b2dbbc90287cba23a24116152fce-BundledScriptTracker-L224_L228,evosuite,
apache-sling-org-apache-sling-servlets-resolver-75e62e657fc0b2dbbc90287cba23a24116152fce-BundledScriptTracker-L224_L228,randoop,
apache-sling-org-apache-sling-servlets-resolver-75e62e657fc0b2dbbc90287cba23a24116152fce-BundledScriptTracker-L260_L268,dev,
apache-sling-org-apache-sling-servlets-resolver-75e62e657fc0b2dbbc90287cba23a24116152fce-BundledScriptTracker-L260_L268,evosuite,
apache-sling-org-apache-sling-servlets-resolver-75e62e657fc0b2dbbc90287cba23a24116152fce-BundledScriptTracker-L260_L268,randoop,
apache-sling-org-apache-sling-servlets-resolver-75e62e657fc0b2dbbc90287cba23a24116152fce-BundledScriptTracker-L274_L284,dev,
apache-sling-org-apache-sling-servlets-resolver-75e62e657fc0b2dbbc90287cba23a24116152fce-BundledScriptTracker-L274_L284,evosuite,
apache-sling-org-apache-sling-servlets-resolver-75e62e657fc0b2dbbc90287cba23a24116152fce-BundledScriptTracker-L274_L284,randoop,
apache-sling-org-apache-sling-servlets-resolver-75e62e657fc0b2dbbc90287cba23a24116152fce-BundledScriptTracker-L303_L305,dev,
apache-sling-org-apache-sling-servlets-resolver-75e62e657fc0b2dbbc90287cba23a24116152fce-BundledScriptTracker-L303_L305,evosuite,
apache-sling-org-apache-sling-servlets-resolver-75e62e657fc0b2dbbc90287cba23a24116152fce-BundledScriptTracker-L303_L305,randoop,
apache-sling-org-apache-sling-servlets-resolver-75e62e657fc0b2dbbc90287cba23a24116152fce-BundledScriptTracker-L492_L496,dev,
apache-sling-org-apache-sling-servlets-resolver-75e62e657fc0b2dbbc90287cba23a24116152fce-BundledScriptTracker-L492_L496,evosuite,
apache-sling-org-apache-sling-servlets-resolver-75e62e657fc0b2dbbc90287cba23a24116152fce-BundledScriptTracker-L492_L496,randoop,
apache-xmlgraphics-commons-d5d782f9fce99774ef206a4a4437fc86f711d9d9-TIFFImageEncoder-L448_L454,dev,
apache-xmlgraphics-commons-d5d782f9fce99774ef206a4a4437fc86f711d9d9-TIFFImageEncoder-L448_L454,evosuite,
apache-xmlgraphics-commons-d5d782f9fce99774ef206a4a4437fc86f711d9d9-TIFFImageEncoder-L448_L454,randoop,
apache-xmlgraphics-commons-d5d782f9fce99774ef206a4a4437fc86f711d9d9-TIFFImage-L1181_L1193,dev,
apache-xmlgraphics-commons-d5d782f9fce99774ef206a4a4437fc86f711d9d9-TIFFImage-L1181_L1193,evosuite,
apache-xmlgraphics-commons-d5d782f9fce99774ef206a4a4437fc86f711d9d9-TIFFImage-L1181_L1193,randoop,
apache-xmlgraphics-commons-d5d782f9fce99774ef206a4a4437fc86f711d9d9-TIFFImage-L216_L231,dev,
apache-xmlgraphics-commons-d5d782f9fce99774ef206a4a4437fc86f711d9d9-TIFFImage-L216_L231,evosuite,
apache-xmlgraphics-commons-d5d782f9fce99774ef206a4a4437fc86f711d9d9-TIFFImage-L216_L231,randoop,
apache-xmlgraphics-commons-d5d782f9fce99774ef206a4a4437fc86f711d9d9-TIFFImage-L931_L943,dev,
apache-xmlgraphics-commons-d5d782f9fce99774ef206a4a4437fc86f711d9d9-TIFFImage-L931_L943,evosuite,
apache-xmlgraphics-commons-d5d782f9fce99774ef206a4a4437fc86f711d9d9-TIFFImage-L931_L943,randoop,
apache-xmlgraphics-commons-d5d782f9fce99774ef206a4a4437fc86f711d9d9-TIFFImage-L954_L966,dev,
apache-xmlgraphics-commons-d5d782f9fce99774ef206a4a4437fc86f711d9d9-TIFFImage-L954_L966,evosuite,
apache-xmlgraphics-commons-d5d782f9fce99774ef206a4a4437fc86f711d9d9-TIFFImage-L954_L966,randoop,
ATLANTBH-owl-f808feae5b021ce37e7a937ab03bf3327be386ad-ServicesUtils-L47_L51,dev,
ATLANTBH-owl-f808feae5b021ce37e7a937ab03bf3327be386ad-ServicesUtils-L47_L51,evosuite,
ATLANTBH-owl-f808feae5b021ce37e7a937ab03bf3327be386ad-ServicesUtils-L47_L51,randoop,
attoparser-attoparser-e1049dcd8261fe315b679029e711a9f5ea03f1cc-MarkupSelectorItems-L148_L149,dev,3,4,5,6,7,8,9,10,13,14,
attoparser-attoparser-e1049dcd8261fe315b679029e711a9f5ea03f1cc-MarkupSelectorItems-L148_L149,evosuite,
attoparser-attoparser-e1049dcd8261fe315b679029e711a9f5ea03f1cc-MarkupSelectorItems-L148_L149,randoop,
attoparser-attoparser-e1049dcd8261fe315b679029e711a9f5ea03f1cc-MarkupSelectorItems-L249_L255,dev,0,1,2,3,7,8,9,10,13,14,18,19,20,31,34,35,37,38,
attoparser-attoparser-e1049dcd8261fe315b679029e711a9f5ea03f1cc-MarkupSelectorItems-L249_L255,evosuite,8,10,13,
attoparser-attoparser-e1049dcd8261fe315b679029e711a9f5ea03f1cc-MarkupSelectorItems-L249_L255,randoop,
attoparser-attoparser-e1049dcd8261fe315b679029e711a9f5ea03f1cc-MarkupSelectorItems-L407_L417,dev,2,4,5,6,11,12,13,14,15,16,17,20,25,26,27,28,29,33,34,35,42,48,49,50,52,
attoparser-attoparser-e1049dcd8261fe315b679029e711a9f5ea03f1cc-MarkupSelectorItems-L407_L417,evosuite,
attoparser-attoparser-e1049dcd8261fe315b679029e711a9f5ea03f1cc-MarkupSelectorItems-L407_L417,randoop,
AwakenCN-InChat-329de8bc3042b49aeaeb816d38b56e9de4226049-NettyBootstrapServer-L98_L104,dev,
AwakenCN-InChat-329de8bc3042b49aeaeb816d38b56e9de4226049-NettyBootstrapServer-L98_L104,evosuite,
AwakenCN-InChat-329de8bc3042b49aeaeb816d38b56e9de4226049-NettyBootstrapServer-L98_L104,randoop,
awslabs-aws-glue-catalog-sync-agent-for-hive-2ba77e5718c5b1988e711fac37966b40665bc385-HiveGlueCatalogSyncAgent-L371_L383,dev,
awslabs-aws-glue-catalog-sync-agent-for-hive-2ba77e5718c5b1988e711fac37966b40665bc385-HiveGlueCatalogSyncAgent-L371_L383,evosuite,
awslabs-aws-glue-catalog-sync-agent-for-hive-2ba77e5718c5b1988e711fac37966b40665bc385-HiveGlueCatalogSyncAgent-L371_L383,randoop,
awslabs-aws-glue-catalog-sync-agent-for-hive-2ba77e5718c5b1988e711fac37966b40665bc385-HiveGlueCatalogSyncAgent-L408_L426,dev,
awslabs-aws-glue-catalog-sync-agent-for-hive-2ba77e5718c5b1988e711fac37966b40665bc385-HiveGlueCatalogSyncAgent-L408_L426,evosuite,
awslabs-aws-glue-catalog-sync-agent-for-hive-2ba77e5718c5b1988e711fac37966b40665bc385-HiveGlueCatalogSyncAgent-L408_L426,randoop,
axelhjalm-bitwig-midi-fighter-twister-a1ad3eecd81353437619818f3a0cf4db0519194b-VolumesPage-L55_L60,dev,
axelhjalm-bitwig-midi-fighter-twister-a1ad3eecd81353437619818f3a0cf4db0519194b-VolumesPage-L55_L60,evosuite,
axelhjalm-bitwig-midi-fighter-twister-a1ad3eecd81353437619818f3a0cf4db0519194b-VolumesPage-L55_L60,randoop,
Azure-azure-functions-java-worker-c92d38cdeb867f2f7e2ae9b2515c32c2ecfd1e41-BindingDataStore-L104_L104,dev,
Azure-azure-functions-java-worker-c92d38cdeb867f2f7e2ae9b2515c32c2ecfd1e41-BindingDataStore-L104_L104,evosuite,2,
Azure-azure-functions-java-worker-c92d38cdeb867f2f7e2ae9b2515c32c2ecfd1e41-BindingDataStore-L104_L104,randoop,
Azure-Samples-cassandra-proxy-f184bcaa612808ad9348a629330cc6bc94c13105-ProxyClient-L174_L183,dev,
Azure-Samples-cassandra-proxy-f184bcaa612808ad9348a629330cc6bc94c13105-ProxyClient-L174_L183,evosuite,2,6,10,11,12,19,23,25,28,29,30,34,35,36,37,
Azure-Samples-cassandra-proxy-f184bcaa612808ad9348a629330cc6bc94c13105-ProxyClient-L174_L183,randoop,
Azure-Samples-cassandra-proxy-f184bcaa612808ad9348a629330cc6bc94c13105-ProxyClient-L246_L254,dev,
Azure-Samples-cassandra-proxy-f184bcaa612808ad9348a629330cc6bc94c13105-ProxyClient-L246_L254,evosuite,
Azure-Samples-cassandra-proxy-f184bcaa612808ad9348a629330cc6bc94c13105-ProxyClient-L246_L254,randoop,
Azure-Samples-cassandra-proxy-f184bcaa612808ad9348a629330cc6bc94c13105-Proxy-L346_L349,dev,
Azure-Samples-cassandra-proxy-f184bcaa612808ad9348a629330cc6bc94c13105-Proxy-L346_L349,evosuite,7,8,9,27,
Azure-Samples-cassandra-proxy-f184bcaa612808ad9348a629330cc6bc94c13105-Proxy-L346_L349,randoop,
ben-xo-cdjscrobbler-921fe5394227f1f602174b7c8935697904128d53-UpdateListener-L99_L109,dev,
ben-xo-cdjscrobbler-921fe5394227f1f602174b7c8935697904128d53-UpdateListener-L99_L109,evosuite,
ben-xo-cdjscrobbler-921fe5394227f1f602174b7c8935697904128d53-UpdateListener-L99_L109,randoop,
bkatwal-kafka-solr-sink-connector-f0d022607f3d5419053bfb0c87a710fb37e00896-PlainJsonDocMappersImpl-L103_L108,dev,
bkatwal-kafka-solr-sink-connector-f0d022607f3d5419053bfb0c87a710fb37e00896-PlainJsonDocMappersImpl-L103_L108,evosuite,
bkatwal-kafka-solr-sink-connector-f0d022607f3d5419053bfb0c87a710fb37e00896-PlainJsonDocMappersImpl-L103_L108,randoop,
bkatwal-kafka-solr-sink-connector-f0d022607f3d5419053bfb0c87a710fb37e00896-SolrServiceImpl-L139_L144,dev,
bkatwal-kafka-solr-sink-connector-f0d022607f3d5419053bfb0c87a710fb37e00896-SolrServiceImpl-L139_L144,evosuite,
bkatwal-kafka-solr-sink-connector-f0d022607f3d5419053bfb0c87a710fb37e00896-SolrServiceImpl-L139_L144,randoop,
blackbeard334-djoom3-64362645420c99ac621b051a678de96883e2a329-AASReach-L542_L546,dev,
blackbeard334-djoom3-64362645420c99ac621b051a678de96883e2a329-AASReach-L542_L546,evosuite,
blackbeard334-djoom3-64362645420c99ac621b051a678de96883e2a329-AASReach-L542_L546,randoop,
blackbeard334-djoom3-64362645420c99ac621b051a678de96883e2a329-AASReach-L575_L587,dev,
blackbeard334-djoom3-64362645420c99ac621b051a678de96883e2a329-AASReach-L575_L587,evosuite,
blackbeard334-djoom3-64362645420c99ac621b051a678de96883e2a329-AASReach-L575_L587,randoop,
blackbeard334-djoom3-64362645420c99ac621b051a678de96883e2a329-Codec-L269_L281,dev,
blackbeard334-djoom3-64362645420c99ac621b051a678de96883e2a329-Codec-L269_L281,evosuite,
blackbeard334-djoom3-64362645420c99ac621b051a678de96883e2a329-Codec-L269_L281,randoop,
blackbeard334-djoom3-64362645420c99ac621b051a678de96883e2a329-EditWindow-L287_L300,dev,
blackbeard334-djoom3-64362645420c99ac621b051a678de96883e2a329-EditWindow-L287_L300,evosuite,
blackbeard334-djoom3-64362645420c99ac621b051a678de96883e2a329-EditWindow-L287_L300,randoop,
blackbeard334-djoom3-64362645420c99ac621b051a678de96883e2a329-idMatX-L5969_L5984,dev,0,1,2,3,4,5,6,7,10,11,12,13,18,19,20,22,27,28,29,30,31,32,33,35,36,37,38,42,43,44,45,46,47,48,49,50,52,53,54,55,56,57,58,59,63,64,65,66,67,68,69,70,71,73,74,75,76,77,78,79,80,82,83,86,87,94,97,99,100,101,102,106,107,110,123,124,126,127,128,129,132,133,134,135,136,139,140,141,142,143,146,151,153,154,167,169,175,176,177,178,179,180,181,182,183,184,185,186,187,188,189,190,191,192,193,194,197,
blackbeard334-djoom3-64362645420c99ac621b051a678de96883e2a329-idMatX-L5969_L5984,evosuite,
blackbeard334-djoom3-64362645420c99ac621b051a678de96883e2a329-idMatX-L5969_L5984,randoop,
blackbeard334-djoom3-64362645420c99ac621b051a678de96883e2a329-Model_lwo-L2980_L2997,dev,
blackbeard334-djoom3-64362645420c99ac621b051a678de96883e2a329-Model_lwo-L2980_L2997,evosuite,
blackbeard334-djoom3-64362645420c99ac621b051a678de96883e2a329-Model_lwo-L2980_L2997,randoop,
blackbeard334-djoom3-64362645420c99ac621b051a678de96883e2a329-Parser-L2344_L2368,dev,
blackbeard334-djoom3-64362645420c99ac621b051a678de96883e2a329-Parser-L2344_L2368,evosuite,0,9,10,11,12,13,17,18,19,22,25,26,27,28,29,33,34,35,36,37,38,39,40,48,49,50,53,58,59,60,61,62,63,64,65,66,67,68,98,119,120,121,122,124,151,154,162,163,164,167,168,171,174,
blackbeard334-djoom3-64362645420c99ac621b051a678de96883e2a329-Parser-L2344_L2368,randoop,
blackbeard334-djoom3-64362645420c99ac621b051a678de96883e2a329-Simd_Generic-L1286_L1294,dev,
blackbeard334-djoom3-64362645420c99ac621b051a678de96883e2a329-Simd_Generic-L1286_L1294,evosuite,
blackbeard334-djoom3-64362645420c99ac621b051a678de96883e2a329-Simd_Generic-L1286_L1294,randoop,
blackbeard334-djoom3-64362645420c99ac621b051a678de96883e2a329-Simd_Generic-L1308_L1316,dev,
blackbeard334-djoom3-64362645420c99ac621b051a678de96883e2a329-Simd_Generic-L1308_L1316,evosuite,
blackbeard334-djoom3-64362645420c99ac621b051a678de96883e2a329-Simd_Generic-L1308_L1316,randoop,
blackbeard334-djoom3-64362645420c99ac621b051a678de96883e2a329-snd_world-L1522_L1526,dev,
blackbeard334-djoom3-64362645420c99ac621b051a678de96883e2a329-snd_world-L1522_L1526,evosuite,
blackbeard334-djoom3-64362645420c99ac621b051a678de96883e2a329-snd_world-L1522_L1526,randoop,
blackbeard334-djoom3-64362645420c99ac621b051a678de96883e2a329-Window-L1599_L1604,dev,
blackbeard334-djoom3-64362645420c99ac621b051a678de96883e2a329-Window-L1599_L1604,evosuite,
blackbeard334-djoom3-64362645420c99ac621b051a678de96883e2a329-Window-L1599_L1604,randoop,
blackbeard334-djoom3-64362645420c99ac621b051a678de96883e2a329-Window-L1660_L1666,dev,
blackbeard334-djoom3-64362645420c99ac621b051a678de96883e2a329-Window-L1660_L1666,evosuite,
blackbeard334-djoom3-64362645420c99ac621b051a678de96883e2a329-Window-L1660_L1666,randoop,
Blazemeter-xtn5250-240e00411e0c21995e87f5a36dd0f6fee2929af8-XI5250CrtFrame-L158_L165,dev,
Blazemeter-xtn5250-240e00411e0c21995e87f5a36dd0f6fee2929af8-XI5250CrtFrame-L158_L165,evosuite,
Blazemeter-xtn5250-240e00411e0c21995e87f5a36dd0f6fee2929af8-XI5250CrtFrame-L158_L165,randoop,
bruceran-krpc-33c83d78574a472e3cbfc75afa87ec57253cc90c-Bootstrap-L598_L604,dev,
bruceran-krpc-33c83d78574a472e3cbfc75afa87ec57253cc90c-Bootstrap-L598_L604,evosuite,0,1,2,3,4,5,6,7,8,9,12,38,69,70,71,72,74,102,104,105,106,107,108,109,110,111,112,113,114,117,150,180,181,182,183,184,185,187,215,218,219,224,225,
bruceran-krpc-33c83d78574a472e3cbfc75afa87ec57253cc90c-Bootstrap-L598_L604,randoop,
cacfd3a-java-nfa-646a76c291253614abc5708107dee7b4387ca784-NFA-L101_L103,dev,17,30,
cacfd3a-java-nfa-646a76c291253614abc5708107dee7b4387ca784-NFA-L101_L103,evosuite,
cacfd3a-java-nfa-646a76c291253614abc5708107dee7b4387ca784-NFA-L101_L103,randoop,
casbin-jcasbin-eb7f93118e4f6d93e44cd779ce17a2f5f2d81387-Model-L332_L336,dev,0,4,5,6,8,9,11,17,20,26,30,31,32,34,35,37,40,45,48,57,61,65,69,79,80,81,85,89,93,99,100,101,102,106,
casbin-jcasbin-eb7f93118e4f6d93e44cd779ce17a2f5f2d81387-Model-L332_L336,evosuite,
casbin-jcasbin-eb7f93118e4f6d93e44cd779ce17a2f5f2d81387-Model-L332_L336,randoop,
cellsrg-tabbypdf-def8bb08e7733a9b87e593cb5363ef82581628c1-PdfDataExtractor-L101_L106,dev,
cellsrg-tabbypdf-def8bb08e7733a9b87e593cb5363ef82581628c1-PdfDataExtractor-L101_L106,evosuite,
cellsrg-tabbypdf-def8bb08e7733a9b87e593cb5363ef82581628c1-PdfDataExtractor-L101_L106,randoop,
cellsrg-tabbypdf-def8bb08e7733a9b87e593cb5363ef82581628c1-TableRegionDetector-L254_L257,dev,
cellsrg-tabbypdf-def8bb08e7733a9b87e593cb5363ef82581628c1-TableRegionDetector-L254_L257,evosuite,
cellsrg-tabbypdf-def8bb08e7733a9b87e593cb5363ef82581628c1-TableRegionDetector-L254_L257,randoop,
cellsrg-tabbypdf-def8bb08e7733a9b87e593cb5363ef82581628c1-TableRegionDetector-L92_L95,dev,
cellsrg-tabbypdf-def8bb08e7733a9b87e593cb5363ef82581628c1-TableRegionDetector-L92_L95,evosuite,
cellsrg-tabbypdf-def8bb08e7733a9b87e593cb5363ef82581628c1-TableRegionDetector-L92_L95,randoop,
chengdedeng-waf-9ba9a18857154830a35e3b10d111d025208f73ef-CCSecurity-L101_L113,dev,
chengdedeng-waf-9ba9a18857154830a35e3b10d111d025208f73ef-CCSecurity-L101_L113,evosuite,
chengdedeng-waf-9ba9a18857154830a35e3b10d111d025208f73ef-CCSecurity-L101_L113,randoop,
chengdedeng-waf-9ba9a18857154830a35e3b10d111d025208f73ef-SecurityConfigItemValidator-L37_L40,dev,
chengdedeng-waf-9ba9a18857154830a35e3b10d111d025208f73ef-SecurityConfigItemValidator-L37_L40,evosuite,
chengdedeng-waf-9ba9a18857154830a35e3b10d111d025208f73ef-SecurityConfigItemValidator-L37_L40,randoop,
chengdedeng-waf-9ba9a18857154830a35e3b10d111d025208f73ef-SecurityConfigItemValidator-L49_L52,dev,
chengdedeng-waf-9ba9a18857154830a35e3b10d111d025208f73ef-SecurityConfigItemValidator-L49_L52,evosuite,
chengdedeng-waf-9ba9a18857154830a35e3b10d111d025208f73ef-SecurityConfigItemValidator-L49_L52,randoop,
chengdedeng-waf-9ba9a18857154830a35e3b10d111d025208f73ef-ZkClusterService-L131_L138,dev,
chengdedeng-waf-9ba9a18857154830a35e3b10d111d025208f73ef-ZkClusterService-L131_L138,evosuite,
chengdedeng-waf-9ba9a18857154830a35e3b10d111d025208f73ef-ZkClusterService-L131_L138,randoop,
chengdedeng-waf-9ba9a18857154830a35e3b10d111d025208f73ef-ZkClusterService-L186_L196,dev,
chengdedeng-waf-9ba9a18857154830a35e3b10d111d025208f73ef-ZkClusterService-L186_L196,evosuite,
chengdedeng-waf-9ba9a18857154830a35e3b10d111d025208f73ef-ZkClusterService-L186_L196,randoop,
chengdedeng-waf-9ba9a18857154830a35e3b10d111d025208f73ef-ZkClusterService-L225_L229,dev,
chengdedeng-waf-9ba9a18857154830a35e3b10d111d025208f73ef-ZkClusterService-L225_L229,evosuite,
chengdedeng-waf-9ba9a18857154830a35e3b10d111d025208f73ef-ZkClusterService-L225_L229,randoop,
chengdedeng-waf-9ba9a18857154830a35e3b10d111d025208f73ef-ZkClusterService-L253_L257,dev,
chengdedeng-waf-9ba9a18857154830a35e3b10d111d025208f73ef-ZkClusterService-L253_L257,evosuite,
chengdedeng-waf-9ba9a18857154830a35e3b10d111d025208f73ef-ZkClusterService-L253_L257,randoop,
chengdedeng-waf-9ba9a18857154830a35e3b10d111d025208f73ef-ZkClusterService-L287_L294,dev,
chengdedeng-waf-9ba9a18857154830a35e3b10d111d025208f73ef-ZkClusterService-L287_L294,evosuite,
chengdedeng-waf-9ba9a18857154830a35e3b10d111d025208f73ef-ZkClusterService-L287_L294,randoop,
codeine-cd-codeine-355463b17c671925bc8bd3951dabb98a150dfe36-HealthServlet-L32_L37,dev,
codeine-cd-codeine-355463b17c671925bc8bd3951dabb98a150dfe36-HealthServlet-L32_L37,evosuite,
codeine-cd-codeine-355463b17c671925bc8bd3951dabb98a150dfe36-HealthServlet-L32_L37,randoop,
codelibs-jcifs-c9ad4eeaf763ad764cb485c4149a0b236eaa7d3e-SmbSessionImpl-L898_L902,dev,
codelibs-jcifs-c9ad4eeaf763ad764cb485c4149a0b236eaa7d3e-SmbSessionImpl-L898_L902,evosuite,3,11,12,13,17,28,
codelibs-jcifs-c9ad4eeaf763ad764cb485c4149a0b236eaa7d3e-SmbSessionImpl-L898_L902,randoop,
codelibs-jcifs-c9ad4eeaf763ad764cb485c4149a0b236eaa7d3e-SmbSessionImpl-L949_L955,dev,
codelibs-jcifs-c9ad4eeaf763ad764cb485c4149a0b236eaa7d3e-SmbSessionImpl-L949_L955,evosuite,
codelibs-jcifs-c9ad4eeaf763ad764cb485c4149a0b236eaa7d3e-SmbSessionImpl-L949_L955,randoop,
dakusui-jcunit-5e081ae71f7e1ab8326aed77612a97c983c9dc06-IpoGplus-L201_L201,dev,
dakusui-jcunit-5e081ae71f7e1ab8326aed77612a97c983c9dc06-IpoGplus-L201_L201,evosuite,
dakusui-jcunit-5e081ae71f7e1ab8326aed77612a97c983c9dc06-IpoGplus-L201_L201,randoop,
dakusui-jcunit-5e081ae71f7e1ab8326aed77612a97c983c9dc06-Joiner-L322_L327,dev,32,35,
dakusui-jcunit-5e081ae71f7e1ab8326aed77612a97c983c9dc06-Joiner-L322_L327,evosuite,
dakusui-jcunit-5e081ae71f7e1ab8326aed77612a97c983c9dc06-Joiner-L322_L327,randoop,
darmiel-eeee-f4114a3bf831ae88f6cca606f4d0f93ac09cc210-EntryMethod-L58_L63,dev,
darmiel-eeee-f4114a3bf831ae88f6cca606f4d0f93ac09cc210-EntryMethod-L58_L63,evosuite,
darmiel-eeee-f4114a3bf831ae88f6cca606f4d0f93ac09cc210-EntryMethod-L58_L63,randoop,
datadotworld-dw-jdbc-ac4f7d8a457dce89cbaa9eb33994304e5504fda1-SparqlResultsParser-L68_L75,dev,0,5,8,42,68,69,70,71,73,112,113,114,117,123,124,125,126,129,
datadotworld-dw-jdbc-ac4f7d8a457dce89cbaa9eb33994304e5504fda1-SparqlResultsParser-L68_L75,evosuite,
datadotworld-dw-jdbc-ac4f7d8a457dce89cbaa9eb33994304e5504fda1-SparqlResultsParser-L68_L75,randoop,
datadotworld-dw-jdbc-ac4f7d8a457dce89cbaa9eb33994304e5504fda1-SparqlResultsParser-L70_L72,dev,3,4,5,8,
datadotworld-dw-jdbc-ac4f7d8a457dce89cbaa9eb33994304e5504fda1-SparqlResultsParser-L70_L72,evosuite,
datadotworld-dw-jdbc-ac4f7d8a457dce89cbaa9eb33994304e5504fda1-SparqlResultsParser-L70_L72,randoop,
davidmoten-aws-maven-plugin-e027d61b07cdc0e8b915217f1f6aca9b0f41011d-BeanstalkRemovePortsMojo-L103_L108,dev,
davidmoten-aws-maven-plugin-e027d61b07cdc0e8b915217f1f6aca9b0f41011d-BeanstalkRemovePortsMojo-L103_L108,evosuite,
davidmoten-aws-maven-plugin-e027d61b07cdc0e8b915217f1f6aca9b0f41011d-BeanstalkRemovePortsMojo-L103_L108,randoop,
delthas-JavaMP3-8b42e48a549813b43c99db9fef525286c888a082-Decoder-L648_L660,dev,39,41,43,45,
delthas-JavaMP3-8b42e48a549813b43c99db9fef525286c888a082-Decoder-L648_L660,evosuite,
delthas-JavaMP3-8b42e48a549813b43c99db9fef525286c888a082-Decoder-L648_L660,randoop,
delthas-JavaMP3-8b42e48a549813b43c99db9fef525286c888a082-Decoder-L711_L714,dev,8,9,11,13,14,15,16,17,18,19,20,22,23,27,28,29,30,31,32,33,34,35,36,37,38,39,40,41,42,43,44,45,46,47,48,49,50,51,52,53,54,55,56,57,58,59,60,61,62,63,64,65,70,71,72,73,74,75,76,77,78,79,80,81,82,83,84,86,87,89,90,92,93,94,96,97,98,100,101,102,104,105,106,108,
delthas-JavaMP3-8b42e48a549813b43c99db9fef525286c888a082-Decoder-L711_L714,evosuite,
delthas-JavaMP3-8b42e48a549813b43c99db9fef525286c888a082-Decoder-L711_L714,randoop,
demidenko05-beigesoft-accounting-0170596e736d3cc69f70c88ced3b9d78f63ddca1-InvoiceReportPdf-L142_L148,dev,
demidenko05-beigesoft-accounting-0170596e736d3cc69f70c88ced3b9d78f63ddca1-InvoiceReportPdf-L142_L148,evosuite,
demidenko05-beigesoft-accounting-0170596e736d3cc69f70c88ced3b9d78f63ddca1-InvoiceReportPdf-L142_L148,randoop,
demidenko05-beigesoft-webstore-624d41d82547ff897ca5b3740d8d73cb2dacf052-PrcRefreshItemsInList-L776_L783,dev,
demidenko05-beigesoft-webstore-624d41d82547ff897ca5b3740d8d73cb2dacf052-PrcRefreshItemsInList-L776_L783,evosuite,
demidenko05-beigesoft-webstore-624d41d82547ff897ca5b3740d8d73cb2dacf052-PrcRefreshItemsInList-L776_L783,randoop,
demidenko05-beigesoft-webstore-624d41d82547ff897ca5b3740d8d73cb2dacf052-PrcRefreshItemsInList-L798_L821,dev,
demidenko05-beigesoft-webstore-624d41d82547ff897ca5b3740d8d73cb2dacf052-PrcRefreshItemsInList-L798_L821,evosuite,
demidenko05-beigesoft-webstore-624d41d82547ff897ca5b3740d8d73cb2dacf052-PrcRefreshItemsInList-L798_L821,randoop,
dingjs-javaagent-aa1cea60d0042f58977fb5d42c16afca92ad589d-Executor-L282_L293,dev,
dingjs-javaagent-aa1cea60d0042f58977fb5d42c16afca92ad589d-Executor-L282_L293,evosuite,
dingjs-javaagent-aa1cea60d0042f58977fb5d42c16afca92ad589d-Executor-L282_L293,randoop,
dnsjava-dnsjava-206c9e51ac18e1ed6f82beb16cb6c0ff1f83b095-LookupSession-L302_L306,dev,5,
dnsjava-dnsjava-206c9e51ac18e1ed6f82beb16cb6c0ff1f83b095-LookupSession-L302_L306,evosuite,
dnsjava-dnsjava-206c9e51ac18e1ed6f82beb16cb6c0ff1f83b095-LookupSession-L302_L306,randoop,
domclick-kafka-logback-91d21ace796dd29ef953b86fcd7ebe55f43ca58d-KafkaAppender-L95_L104,dev,2,4,5,7,8,9,10,11,12,13,17,18,19,20,21,22,23,24,25,26,27,30,
domclick-kafka-logback-91d21ace796dd29ef953b86fcd7ebe55f43ca58d-KafkaAppender-L95_L104,evosuite,
domclick-kafka-logback-91d21ace796dd29ef953b86fcd7ebe55f43ca58d-KafkaAppender-L95_L104,randoop,
erdtman-java-json-canonicalization-535ab0075405f6aafb96a4197f943838130666d3-NumberDToA-L461_L466,dev,
erdtman-java-json-canonicalization-535ab0075405f6aafb96a4197f943838130666d3-NumberDToA-L461_L466,evosuite,
erdtman-java-json-canonicalization-535ab0075405f6aafb96a4197f943838130666d3-NumberDToA-L461_L466,randoop,
erdtman-java-json-canonicalization-535ab0075405f6aafb96a4197f943838130666d3-NumberDToA-L468_L473,dev,
erdtman-java-json-canonicalization-535ab0075405f6aafb96a4197f943838130666d3-NumberDToA-L468_L473,evosuite,1,2,3,12,15,24,25,26,28,53,55,56,57,58,59,60,61,62,64,65,66,69,70,72,73,74,75,76,79,80,81,84,85,86,93,94,109,110,111,112,114,
erdtman-java-json-canonicalization-535ab0075405f6aafb96a4197f943838130666d3-NumberDToA-L468_L473,randoop,
erdtman-java-json-canonicalization-535ab0075405f6aafb96a4197f943838130666d3-NumberDToA-L523_L532,dev,
erdtman-java-json-canonicalization-535ab0075405f6aafb96a4197f943838130666d3-NumberDToA-L523_L532,evosuite,2,5,6,7,8,10,11,12,13,17,18,19,20,22,23,24,25,28,29,30,31,32,33,34,35,42,43,44,45,46,48,49,50,51,52,53,54,58,59,60,69,72,82,
erdtman-java-json-canonicalization-535ab0075405f6aafb96a4197f943838130666d3-NumberDToA-L523_L532,randoop,
erdtman-java-json-canonicalization-535ab0075405f6aafb96a4197f943838130666d3-NumberDToA-L828_L839,dev,
erdtman-java-json-canonicalization-535ab0075405f6aafb96a4197f943838130666d3-NumberDToA-L828_L839,evosuite,
erdtman-java-json-canonicalization-535ab0075405f6aafb96a4197f943838130666d3-NumberDToA-L828_L839,randoop,
errai-errai-d2edc4632373096f8d81c93f18cd874fa5501b90-JsTypeAntiInliningExtension-L94_L95,dev,
errai-errai-d2edc4632373096f8d81c93f18cd874fa5501b90-JsTypeAntiInliningExtension-L94_L95,evosuite,
errai-errai-d2edc4632373096f8d81c93f18cd874fa5501b90-JsTypeAntiInliningExtension-L94_L95,randoop,
EsotericSoftware-yamlbeans-763726d51c99824218051e485e1b44f7477456fa-ScalarAnalysis-L154_L163,dev,62,
EsotericSoftware-yamlbeans-763726d51c99824218051e485e1b44f7477456fa-ScalarAnalysis-L154_L163,evosuite,
EsotericSoftware-yamlbeans-763726d51c99824218051e485e1b44f7477456fa-ScalarAnalysis-L154_L163,randoop,
EsotericSoftware-yamlbeans-763726d51c99824218051e485e1b44f7477456fa-ScalarAnalysis-L88_L99,dev,0,4,5,6,9,10,12,13,18,20,29,30,31,32,33,34,35,36,37,38,63,65,92,94,95,98,110,122,124,127,
EsotericSoftware-yamlbeans-763726d51c99824218051e485e1b44f7477456fa-ScalarAnalysis-L88_L99,evosuite,
EsotericSoftware-yamlbeans-763726d51c99824218051e485e1b44f7477456fa-ScalarAnalysis-L88_L99,randoop,
EsotericSoftware-yamlbeans-763726d51c99824218051e485e1b44f7477456fa-YamlReader-L350_L359,dev,6,7,8,19,22,33,37,38,
EsotericSoftware-yamlbeans-763726d51c99824218051e485e1b44f7477456fa-YamlReader-L350_L359,evosuite,
EsotericSoftware-yamlbeans-763726d51c99824218051e485e1b44f7477456fa-YamlReader-L350_L359,randoop,
EXIficient-exificient-core-fce10c39fe654c9ae9660454ac6d6d2abc6a48ac-FidelityOptions-L395_L406,dev,
EXIficient-exificient-core-fce10c39fe654c9ae9660454ac6d6d2abc6a48ac-FidelityOptions-L395_L406,evosuite,0,1,2,3,4,5,6,7,8,11,13,15,17,19,23,24,25,28,29,30,31,32,33,34,35,36,37,40,42,44,46,48,51,52,53,54,55,58,61,62,63,67,68,69,78,79,81,84,85,86,87,88,89,90,91,92,95,97,99,101,103,107,108,109,112,
EXIficient-exificient-core-fce10c39fe654c9ae9660454ac6d6d2abc6a48ac-FidelityOptions-L395_L406,randoop,
EXIficient-exificient-core-fce10c39fe654c9ae9660454ac6d6d2abc6a48ac-FidelityOptions-L431_L442,dev,
EXIficient-exificient-core-fce10c39fe654c9ae9660454ac6d6d2abc6a48ac-FidelityOptions-L431_L442,evosuite,0,1,2,3,4,5,6,7,8,11,13,15,17,19,23,24,25,28,29,30,31,32,33,34,35,36,37,40,42,44,46,48,51,52,53,54,55,58,61,62,63,67,68,69,78,79,81,84,85,86,87,88,89,90,91,92,95,97,99,101,103,107,108,109,112,
EXIficient-exificient-core-fce10c39fe654c9ae9660454ac6d6d2abc6a48ac-FidelityOptions-L431_L442,randoop,
EXIficient-exificient-core-fce10c39fe654c9ae9660454ac6d6d2abc6a48ac-FidelityOptions-L460_L471,dev,
EXIficient-exificient-core-fce10c39fe654c9ae9660454ac6d6d2abc6a48ac-FidelityOptions-L460_L471,evosuite,0,1,2,3,4,5,6,7,8,11,14,16,18,22,23,24,27,28,29,30,31,32,33,34,35,36,39,41,43,45,47,50,51,52,53,54,57,60,61,62,66,67,68,77,78,80,83,84,85,86,87,88,89,90,91,94,96,98,100,102,106,107,108,111,
EXIficient-exificient-core-fce10c39fe654c9ae9660454ac6d6d2abc6a48ac-FidelityOptions-L460_L471,randoop,
EXIficient-exificient-core-fce10c39fe654c9ae9660454ac6d6d2abc6a48ac-FidelityOptions-L497_L508,dev,0,1,3,4,6,7,8,11,13,15,17,19,23,24,25,28,29,30,31,32,33,36,37,40,42,44,46,48,51,52,53,58,61,62,
EXIficient-exificient-core-fce10c39fe654c9ae9660454ac6d6d2abc6a48ac-FidelityOptions-L497_L508,evosuite,0,1,2,3,4,6,7,8,11,13,15,17,19,23,24,25,28,29,30,31,32,33,35,36,37,40,42,44,46,48,51,52,53,54,58,61,62,63,67,69,84,85,86,87,88,91,92,95,97,99,101,103,107,108,112,
EXIficient-exificient-core-fce10c39fe654c9ae9660454ac6d6d2abc6a48ac-FidelityOptions-L497_L508,randoop,
EXIficient-exificient-core-fce10c39fe654c9ae9660454ac6d6d2abc6a48ac-FidelityOptions-L592_L607,dev,
EXIficient-exificient-core-fce10c39fe654c9ae9660454ac6d6d2abc6a48ac-FidelityOptions-L592_L607,evosuite,
EXIficient-exificient-core-fce10c39fe654c9ae9660454ac6d6d2abc6a48ac-FidelityOptions-L592_L607,randoop,
EXIficient-exificient-core-fce10c39fe654c9ae9660454ac6d6d2abc6a48ac-FidelityOptions-L631_L642,dev,
EXIficient-exificient-core-fce10c39fe654c9ae9660454ac6d6d2abc6a48ac-FidelityOptions-L631_L642,evosuite,
EXIficient-exificient-core-fce10c39fe654c9ae9660454ac6d6d2abc6a48ac-FidelityOptions-L631_L642,randoop,
EXIficient-exificient-core-fce10c39fe654c9ae9660454ac6d6d2abc6a48ac-FidelityOptions-L660_L671,dev,
EXIficient-exificient-core-fce10c39fe654c9ae9660454ac6d6d2abc6a48ac-FidelityOptions-L660_L671,evosuite,
EXIficient-exificient-core-fce10c39fe654c9ae9660454ac6d6d2abc6a48ac-FidelityOptions-L660_L671,randoop,
EXIficient-exificient-core-fce10c39fe654c9ae9660454ac6d6d2abc6a48ac-FidelityOptions-L697_L708,dev,0,8,9,10,11,12,14,17,19,21,23,25,28,29,36,37,38,39,41,42,43,44,47,49,51,53,55,58,84,92,94,
EXIficient-exificient-core-fce10c39fe654c9ae9660454ac6d6d2abc6a48ac-FidelityOptions-L697_L708,evosuite,
EXIficient-exificient-core-fce10c39fe654c9ae9660454ac6d6d2abc6a48ac-FidelityOptions-L697_L708,randoop,
f4b6a3-uuid-creator-f9e6e6d02ecc8dac16a56e4fab1bd24caec8171c-TimeOrderedEpochFactory-L415_L416,dev,0,1,2,4,11,16,20,22,
f4b6a3-uuid-creator-f9e6e6d02ecc8dac16a56e4fab1bd24caec8171c-TimeOrderedEpochFactory-L415_L416,evosuite,
f4b6a3-uuid-creator-f9e6e6d02ecc8dac16a56e4fab1bd24caec8171c-TimeOrderedEpochFactory-L415_L416,randoop,
f4b6a3-uuid-creator-f9e6e6d02ecc8dac16a56e4fab1bd24caec8171c-TimeOrderedEpochFactory-L431_L434,dev,4,6,15,
f4b6a3-uuid-creator-f9e6e6d02ecc8dac16a56e4fab1bd24caec8171c-TimeOrderedEpochFactory-L431_L434,evosuite,
f4b6a3-uuid-creator-f9e6e6d02ecc8dac16a56e4fab1bd24caec8171c-TimeOrderedEpochFactory-L431_L434,randoop,
fabric8io-docker-maven-plugin-40371e754a6f3122af6d3019508c364627580935-AbstractDockerMojo-L496_L499,dev,
fabric8io-docker-maven-plugin-40371e754a6f3122af6d3019508c364627580935-AbstractDockerMojo-L496_L499,evosuite,
fabric8io-docker-maven-plugin-40371e754a6f3122af6d3019508c364627580935-AbstractDockerMojo-L496_L499,randoop,
finmath-finmath-lib-ad5d22e93e335cd88c95f8f2d7ba6336e3947e68-Black76Model-L334_L342,dev,3,5,6,9,13,15,20,22,24,26,31,35,39,44,46,48,50,52,61,63,64,77,92,95,96,98,99,100,102,109,110,111,112,114,115,116,119,122,124,126,127,130,133,134,136,137,138,144,146,148,149,150,152,153,
finmath-finmath-lib-ad5d22e93e335cd88c95f8f2d7ba6336e3947e68-Black76Model-L334_L342,evosuite,
finmath-finmath-lib-ad5d22e93e335cd88c95f8f2d7ba6336e3947e68-Black76Model-L334_L342,randoop,
finmath-finmath-lib-ad5d22e93e335cd88c95f8f2d7ba6336e3947e68-Black76Model-L351_L360,dev,17,19,26,30,41,53,54,69,70,73,74,77,102,103,106,107,129,130,131,133,134,136,142,146,147,148,150,154,155,158,159,163,169,170,186,223,224,226,227,229,230,231,233,234,236,237,241,242,243,244,257,262,264,265,270,271,274,275,276,278,
finmath-finmath-lib-ad5d22e93e335cd88c95f8f2d7ba6336e3947e68-Black76Model-L351_L360,evosuite,
finmath-finmath-lib-ad5d22e93e335cd88c95f8f2d7ba6336e3947e68-Black76Model-L351_L360,randoop,
finos-messageml-utils-8dc8971aee55c36fbc2bce55a5e62ef254cc2eb9-BiContext-L101_L104,dev,0,46,4,7,
finos-messageml-utils-8dc8971aee55c36fbc2bce55a5e62ef254cc2eb9-BiContext-L101_L104,evosuite,
finos-messageml-utils-8dc8971aee55c36fbc2bce55a5e62ef254cc2eb9-BiContext-L101_L104,randoop,
fizzed-jne-199d45bd8728807b61356fd1c0f17079b567ed60-JavaHomes-L211_L213,dev,
fizzed-jne-199d45bd8728807b61356fd1c0f17079b567ed60-JavaHomes-L211_L213,evosuite,
fizzed-jne-199d45bd8728807b61356fd1c0f17079b567ed60-JavaHomes-L211_L213,randoop,
forcedotcom-wsc-df588f1411b855687b9dfb5cfa69026e92ebb34e-MXParser-L1929_L1942,dev,0,2,3,7,12,14,15,16,17,24,26,27,29,30,35,39,40,42,44,45,46,53,55,56,58,59,64,68,69,71,73,74,75,82,84,85,87,88,93,97,98,100,102,103,104,111,113,126,131,132,133,140,142,
forcedotcom-wsc-df588f1411b855687b9dfb5cfa69026e92ebb34e-MXParser-L1929_L1942,evosuite,
forcedotcom-wsc-df588f1411b855687b9dfb5cfa69026e92ebb34e-MXParser-L1929_L1942,randoop,
forcedotcom-wsc-df588f1411b855687b9dfb5cfa69026e92ebb34e-MXParser-L1964_L1969,dev,0,1,3,4,5,6,7,8,9,10,11,15,16,17,18,19,23,25,26,28,30,35,37,
forcedotcom-wsc-df588f1411b855687b9dfb5cfa69026e92ebb34e-MXParser-L1964_L1969,evosuite,
forcedotcom-wsc-df588f1411b855687b9dfb5cfa69026e92ebb34e-MXParser-L1964_L1969,randoop,
fsantiag-sonar-clojure-8935e2291d21d57922006bab2f7fdd82d08e415e-EastwoodIssueParser-L23_L30,dev,6,7,8,9,10,11,12,13,17,18,19,20,24,25,26,27,28,34,35,
fsantiag-sonar-clojure-8935e2291d21d57922006bab2f7fdd82d08e415e-EastwoodIssueParser-L23_L30,evosuite,
fsantiag-sonar-clojure-8935e2291d21d57922006bab2f7fdd82d08e415e-EastwoodIssueParser-L23_L30,randoop,
gabrie-allaigre-sonar-gitlab-plugin-1a6b20737c0e034fed35f555442fa493c6268e9f-GitLabApiV3Wrapper-L251_L255,dev,3,6,10,59,86,
gabrie-allaigre-sonar-gitlab-plugin-1a6b20737c0e034fed35f555442fa493c6268e9f-GitLabApiV3Wrapper-L251_L255,evosuite,3,6,10,59,82,83,86,
gabrie-allaigre-sonar-gitlab-plugin-1a6b20737c0e034fed35f555442fa493c6268e9f-GitLabApiV3Wrapper-L251_L255,randoop,
gabrie-allaigre-sonar-gitlab-plugin-1a6b20737c0e034fed35f555442fa493c6268e9f-GitLabApiV4Wrapper-L257_L261,dev,3,6,10,11,12,13,14,15,16,17,18,19,20,21,22,23,24,25,26,27,28,29,30,59,60,61,62,63,64,65,66,67,68,69,70,71,72,73,74,75,76,77,78,86,
gabrie-allaigre-sonar-gitlab-plugin-1a6b20737c0e034fed35f555442fa493c6268e9f-GitLabApiV4Wrapper-L257_L261,evosuite,3,6,10,11,12,13,14,15,16,17,18,19,20,21,22,23,24,25,26,27,28,29,30,59,60,61,62,63,64,65,66,67,68,69,70,71,72,73,74,75,76,77,78,82,83,86,
gabrie-allaigre-sonar-gitlab-plugin-1a6b20737c0e034fed35f555442fa493c6268e9f-GitLabApiV4Wrapper-L257_L261,randoop,
george-haddad-cardme-2cdb02c627d103041288bc57f06b9deeb02f194a-VCardEngine-L2345_L2353,dev,49,53,
george-haddad-cardme-2cdb02c627d103041288bc57f06b9deeb02f194a-VCardEngine-L2345_L2353,evosuite,
george-haddad-cardme-2cdb02c627d103041288bc57f06b9deeb02f194a-VCardEngine-L2345_L2353,randoop,
googleapis-disco-to-proto3-converter-32cf5993853b1218e97e54c556f3922f49014eb8-DocumentToProtoConverter-L222_L226,dev,3,5,
googleapis-disco-to-proto3-converter-32cf5993853b1218e97e54c556f3922f49014eb8-DocumentToProtoConverter-L222_L226,evosuite,
googleapis-disco-to-proto3-converter-32cf5993853b1218e97e54c556f3922f49014eb8-DocumentToProtoConverter-L222_L226,randoop,
graphstream-gs-core-950b87280075f92a85b564b47ce6522ced5ba53a-GraphDiff-L203_L210,dev,
graphstream-gs-core-950b87280075f92a85b564b47ce6522ced5ba53a-GraphDiff-L203_L210,evosuite,
graphstream-gs-core-950b87280075f92a85b564b47ce6522ced5ba53a-GraphDiff-L203_L210,randoop,
graphstream-gs-core-950b87280075f92a85b564b47ce6522ced5ba53a-GraphDiff-L214_L215,dev,
graphstream-gs-core-950b87280075f92a85b564b47ce6522ced5ba53a-GraphDiff-L214_L215,evosuite,
graphstream-gs-core-950b87280075f92a85b564b47ce6522ced5ba53a-GraphDiff-L214_L215,randoop,
graphstream-gs-core-950b87280075f92a85b564b47ce6522ced5ba53a-StyleSheetParserTokenManager-L72_L96,dev,5,123,124,125,192,210,214,217,297,326,385,404,406,407,409,492,507,511,522,523,542,
graphstream-gs-core-950b87280075f92a85b564b47ce6522ced5ba53a-StyleSheetParserTokenManager-L72_L96,evosuite,
graphstream-gs-core-950b87280075f92a85b564b47ce6522ced5ba53a-StyleSheetParserTokenManager-L72_L96,randoop,
hageldave-ezFFTW-20d97041dfde6731bbfc02980cf2b581c62161ec-FFTTest-L209_L220,dev,21,
hageldave-ezFFTW-20d97041dfde6731bbfc02980cf2b581c62161ec-FFTTest-L209_L220,evosuite,
hageldave-ezFFTW-20d97041dfde6731bbfc02980cf2b581c62161ec-FFTTest-L209_L220,randoop,
Harium-keel-bb6a1cf5104d609399ddf9a803ae60d6caee7a3b-SingularValueDecomposition-L180_L188,dev,
Harium-keel-bb6a1cf5104d609399ddf9a803ae60d6caee7a3b-SingularValueDecomposition-L180_L188,evosuite,0,1,4,5,17,18,20,21,23,24,25,27,28,36,37,38,39,43,44,45,46,57,58,59,60,62,66,67,68,69,70,72,75,76,77,78,79,80,81,82,83,90,
Harium-keel-bb6a1cf5104d609399ddf9a803ae60d6caee7a3b-SingularValueDecomposition-L180_L188,randoop,
Harium-keel-bb6a1cf5104d609399ddf9a803ae60d6caee7a3b-SingularValueDecomposition-L243_L256,dev,
Harium-keel-bb6a1cf5104d609399ddf9a803ae60d6caee7a3b-SingularValueDecomposition-L243_L256,evosuite,0,12,13,14,15,17,19,20,25,26,27,28,33,35,38,41,44,47,50,51,52,53,55,56,57,58,59,63,75,76,77,78,80,82,83,88,89,90,91,92,93,94,95,96,97,99,100,104,116,117,118,119,121,123,124,129,130,131,132,133,137,138,139,140,141,142,143,144,145,149,161,162,163,164,166,168,169,174,175,176,177,178,179,180,181,182,183,185,186,
Harium-keel-bb6a1cf5104d609399ddf9a803ae60d6caee7a3b-SingularValueDecomposition-L243_L256,randoop,
HelixNetwork-pendulum-919ae1df7ca4359aad6b9a4575beb9d3ca4de8ef-RocksDBPersistenceProvider-L295_L302,dev,12,16,25,26,27,31,
HelixNetwork-pendulum-919ae1df7ca4359aad6b9a4575beb9d3ca4de8ef-RocksDBPersistenceProvider-L295_L302,evosuite,
HelixNetwork-pendulum-919ae1df7ca4359aad6b9a4575beb9d3ca4de8ef-RocksDBPersistenceProvider-L295_L302,randoop,
HelixNetwork-pendulum-919ae1df7ca4359aad6b9a4575beb9d3ca4de8ef-SnapshotServiceImpl-L142_L142,dev,0,1,3,4,9,10,11,12,18,
HelixNetwork-pendulum-919ae1df7ca4359aad6b9a4575beb9d3ca4de8ef-SnapshotServiceImpl-L142_L142,evosuite,
HelixNetwork-pendulum-919ae1df7ca4359aad6b9a4575beb9d3ca4de8ef-SnapshotServiceImpl-L142_L142,randoop,
hermannpencole-nifi-config-e4a8a251bd01fd4026ac4fe6868791f4496ce882-ConnectionsUpdater-L102_L106,dev,
hermannpencole-nifi-config-e4a8a251bd01fd4026ac4fe6868791f4496ce882-ConnectionsUpdater-L102_L106,evosuite,
hermannpencole-nifi-config-e4a8a251bd01fd4026ac4fe6868791f4496ce882-ConnectionsUpdater-L102_L106,randoop,
hermannpencole-nifi-config-e4a8a251bd01fd4026ac4fe6868791f4496ce882-ConnectionsUpdater-L111_L115,dev,
hermannpencole-nifi-config-e4a8a251bd01fd4026ac4fe6868791f4496ce882-ConnectionsUpdater-L111_L115,evosuite,
hermannpencole-nifi-config-e4a8a251bd01fd4026ac4fe6868791f4496ce882-ConnectionsUpdater-L111_L115,randoop,
hermannpencole-nifi-config-e4a8a251bd01fd4026ac4fe6868791f4496ce882-ConnectionsUpdater-L122_L126,dev,
hermannpencole-nifi-config-e4a8a251bd01fd4026ac4fe6868791f4496ce882-ConnectionsUpdater-L122_L126,evosuite,
hermannpencole-nifi-config-e4a8a251bd01fd4026ac4fe6868791f4496ce882-ConnectionsUpdater-L122_L126,randoop,
heroku-heroku-jvm-application-deployer-ffd498f1a94853b30bc0275a6ef495f2ec3a11f7-Main-L110_L117,dev,
heroku-heroku-jvm-application-deployer-ffd498f1a94853b30bc0275a6ef495f2ec3a11f7-Main-L110_L117,evosuite,
heroku-heroku-jvm-application-deployer-ffd498f1a94853b30bc0275a6ef495f2ec3a11f7-Main-L110_L117,randoop,
hoijui-Jawk-33cfbc2bc14bc9c75fedccbe2963ef26b61543dc-AVM-L563_L584,dev,
hoijui-Jawk-33cfbc2bc14bc9c75fedccbe2963ef26b61543dc-AVM-L563_L584,evosuite,6,7,8,9,15,19,20,21,22,29,33,34,35,36,42,46,47,48,49,55,59,60,61,62,68,74,78,
hoijui-Jawk-33cfbc2bc14bc9c75fedccbe2963ef26b61543dc-AVM-L563_L584,randoop,
hoijui-Jawk-33cfbc2bc14bc9c75fedccbe2963ef26b61543dc-AVM-L849_L862,dev,
hoijui-Jawk-33cfbc2bc14bc9c75fedccbe2963ef26b61543dc-AVM-L849_L862,evosuite,6,7,8,9,10,15,19,20,21,22,23,28,32,33,38,39,40,41,42,43,45,46,47,48,49,50,
hoijui-Jawk-33cfbc2bc14bc9c75fedccbe2963ef26b61543dc-AVM-L849_L862,randoop,
hoijui-Jawk-33cfbc2bc14bc9c75fedccbe2963ef26b61543dc-AwkParser-L697_L710,dev,0,1,2,3,4,8,10,73,78,
hoijui-Jawk-33cfbc2bc14bc9c75fedccbe2963ef26b61543dc-AwkParser-L697_L710,evosuite,
hoijui-Jawk-33cfbc2bc14bc9c75fedccbe2963ef26b61543dc-AwkParser-L697_L710,randoop,
hummeling-if97-a508c11bea77ebc39d6bf8c7b21854947e07ca96-Region3-L1201_L1206,dev,0,1,2,3,4,5,12,17,18,19,20,21,22,23,24,25,26,27,28,29,30,31,32,33,34,35,36,37,38,39,40,41,42,43,44,45,46,47,48,49,50,51,53,56,57,58,59,62,
hummeling-if97-a508c11bea77ebc39d6bf8c7b21854947e07ca96-Region3-L1201_L1206,evosuite,
hummeling-if97-a508c11bea77ebc39d6bf8c7b21854947e07ca96-Region3-L1201_L1206,randoop,
hummeling-if97-a508c11bea77ebc39d6bf8c7b21854947e07ca96-Region3-L1209_L1216,dev,3,4,5,6,10,11,12,13,14,15,19,24,25,26,27,28,29,30,31,32,33,34,35,36,37,38,39,40,41,42,43,44,45,46,47,48,49,50,51,52,53,54,55,56,57,58,60,63,64,65,66,69,
hummeling-if97-a508c11bea77ebc39d6bf8c7b21854947e07ca96-Region3-L1209_L1216,evosuite,
hummeling-if97-a508c11bea77ebc39d6bf8c7b21854947e07ca96-Region3-L1209_L1216,randoop,3,4,5,6,10,11,12,13,14,19,24,25,26,27,28,29,30,31,32,33,34,35,36,37,38,39,40,41,42,43,44,45,46,47,48,49,50,51,52,53,54,55,56,57,58,60,63,64,65,66,69,
iamazy-elasticsearch-sql2-05a7743fb2bb70816f8255a7e7b3086374b15d8c-BinaryQueryParser-L29_L35,dev,0,1,2,3,
iamazy-elasticsearch-sql2-05a7743fb2bb70816f8255a7e7b3086374b15d8c-BinaryQueryParser-L29_L35,evosuite,
iamazy-elasticsearch-sql2-05a7743fb2bb70816f8255a7e7b3086374b15d8c-BinaryQueryParser-L29_L35,randoop,
iamazy-elasticsearch-sql2-05a7743fb2bb70816f8255a7e7b3086374b15d8c-BinaryQueryParser-L85_L89,dev,
iamazy-elasticsearch-sql2-05a7743fb2bb70816f8255a7e7b3086374b15d8c-BinaryQueryParser-L85_L89,evosuite,
iamazy-elasticsearch-sql2-05a7743fb2bb70816f8255a7e7b3086374b15d8c-BinaryQueryParser-L85_L89,randoop,
iamazy-elasticsearch-sql2-05a7743fb2bb70816f8255a7e7b3086374b15d8c-BinaryQueryParser-L99_L111,dev,
iamazy-elasticsearch-sql2-05a7743fb2bb70816f8255a7e7b3086374b15d8c-BinaryQueryParser-L99_L111,evosuite,
iamazy-elasticsearch-sql2-05a7743fb2bb70816f8255a7e7b3086374b15d8c-BinaryQueryParser-L99_L111,randoop,
IBlogLab-enhance-gateway-9b175549c6f9228096be92424c712e07686e9e4b-LoggingRecordResource-L169_L174,dev,
IBlogLab-enhance-gateway-9b175549c6f9228096be92424c712e07686e9e4b-LoggingRecordResource-L169_L174,evosuite,
IBlogLab-enhance-gateway-9b175549c6f9228096be92424c712e07686e9e4b-LoggingRecordResource-L169_L174,randoop,
iipc-jwarc-e4ff0fe435c378b68b482a3ca1502b70b33fe872-WarcFilterCompiler-L144_L154,dev,62,64,162,163,
iipc-jwarc-e4ff0fe435c378b68b482a3ca1502b70b33fe872-WarcFilterCompiler-L144_L154,evosuite,
iipc-jwarc-e4ff0fe435c378b68b482a3ca1502b70b33fe872-WarcFilterCompiler-L144_L154,randoop,
inversoft-restify-8522579dded221db5c3822274ecd11a2b6426082-FormDataBodyHandler-L156_L162,dev,0,8,9,10,11,15,16,17,21,23,28,
inversoft-restify-8522579dded221db5c3822274ecd11a2b6426082-FormDataBodyHandler-L156_L162,evosuite,
inversoft-restify-8522579dded221db5c3822274ecd11a2b6426082-FormDataBodyHandler-L156_L162,randoop,
iotaledger-cliri-1f974cafb1c17d96ae7e0a6856f563dcf3794238-Node-L200_L208,dev,36,
iotaledger-cliri-1f974cafb1c17d96ae7e0a6856f563dcf3794238-Node-L200_L208,evosuite,35,36,
iotaledger-cliri-1f974cafb1c17d96ae7e0a6856f563dcf3794238-Node-L200_L208,randoop,
iotaledger-cliri-1f974cafb1c17d96ae7e0a6856f563dcf3794238-Node-L203_L207,dev,21,
iotaledger-cliri-1f974cafb1c17d96ae7e0a6856f563dcf3794238-Node-L203_L207,evosuite,20,21,
iotaledger-cliri-1f974cafb1c17d96ae7e0a6856f563dcf3794238-Node-L203_L207,randoop,
Isaac315-sql-translator-78f3fb0091c94563a640ef672de3e75e2b5c3bb2-OracleSQLDataTypeTransformUtil-L209_L216,dev,
Isaac315-sql-translator-78f3fb0091c94563a640ef672de3e75e2b5c3bb2-OracleSQLDataTypeTransformUtil-L209_L216,evosuite,4,6,8,10,21,22,23,42,
Isaac315-sql-translator-78f3fb0091c94563a640ef672de3e75e2b5c3bb2-OracleSQLDataTypeTransformUtil-L209_L216,randoop,
Isaac315-sql-translator-78f3fb0091c94563a640ef672de3e75e2b5c3bb2-OracleSQLDataTypeTransformUtil-L87_L97,dev,
Isaac315-sql-translator-78f3fb0091c94563a640ef672de3e75e2b5c3bb2-OracleSQLDataTypeTransformUtil-L87_L97,evosuite,0,1,2,3,4,5,7,8,13,14,15,18,20,21,22,23,24,25,26,27,28,32,33,34,35,36,39,41,42,43,44,45,46,47,48,49,53,54,55,56,57,60,62,63,65,66,71,72,73,78,79,80,81,82,85,90,93,
Isaac315-sql-translator-78f3fb0091c94563a640ef672de3e75e2b5c3bb2-OracleSQLDataTypeTransformUtil-L87_L97,randoop,
Isaac315-sql-translator-78f3fb0091c94563a640ef672de3e75e2b5c3bb2-OracleToMySqlFunctionTransform-L110_L119,dev,
Isaac315-sql-translator-78f3fb0091c94563a640ef672de3e75e2b5c3bb2-OracleToMySqlFunctionTransform-L110_L119,evosuite,12,
Isaac315-sql-translator-78f3fb0091c94563a640ef672de3e75e2b5c3bb2-OracleToMySqlFunctionTransform-L110_L119,randoop,
Isaac315-sql-translator-78f3fb0091c94563a640ef672de3e75e2b5c3bb2-OracleToMySqlFunctionTransform-L117_L117,dev,
Isaac315-sql-translator-78f3fb0091c94563a640ef672de3e75e2b5c3bb2-OracleToMySqlFunctionTransform-L117_L117,evosuite,
Isaac315-sql-translator-78f3fb0091c94563a640ef672de3e75e2b5c3bb2-OracleToMySqlFunctionTransform-L117_L117,randoop,
jahlborn-jackcess-22bf8a8642c84fc500f5c66ef59de1f7211f93a3-FormatUtil-L1091_L1092,dev,3,4,5,7,12,
jahlborn-jackcess-22bf8a8642c84fc500f5c66ef59de1f7211f93a3-FormatUtil-L1091_L1092,evosuite,
jahlborn-jackcess-22bf8a8642c84fc500f5c66ef59de1f7211f93a3-FormatUtil-L1091_L1092,randoop,
jahlborn-jackcess-22bf8a8642c84fc500f5c66ef59de1f7211f93a3-FormatUtil-L1099_L1102,dev,3,4,5,6,7,12,13,14,18,
jahlborn-jackcess-22bf8a8642c84fc500f5c66ef59de1f7211f93a3-FormatUtil-L1099_L1102,evosuite,
jahlborn-jackcess-22bf8a8642c84fc500f5c66ef59de1f7211f93a3-FormatUtil-L1099_L1102,randoop,
jai-imageio-jai-imageio-core-f81bc1ab19faa210ad289c6ae2588bc1157fd07a-BMPImageReader-L470_L492,dev,
jai-imageio-jai-imageio-core-f81bc1ab19faa210ad289c6ae2588bc1157fd07a-BMPImageReader-L470_L492,evosuite,
jai-imageio-jai-imageio-core-f81bc1ab19faa210ad289c6ae2588bc1157fd07a-BMPImageReader-L470_L492,randoop,
jai-imageio-jai-imageio-core-f81bc1ab19faa210ad289c6ae2588bc1157fd07a-BMPImageWriter-L679_L684,dev,1,3,18,20,24,30,31,33,41,44,47,48,49,
jai-imageio-jai-imageio-core-f81bc1ab19faa210ad289c6ae2588bc1157fd07a-BMPImageWriter-L679_L684,evosuite,
jai-imageio-jai-imageio-core-f81bc1ab19faa210ad289c6ae2588bc1157fd07a-BMPImageWriter-L679_L684,randoop,
jai-imageio-jai-imageio-core-f81bc1ab19faa210ad289c6ae2588bc1157fd07a-BMPMetadata-L1006_L1027,dev,
jai-imageio-jai-imageio-core-f81bc1ab19faa210ad289c6ae2588bc1157fd07a-BMPMetadata-L1006_L1027,evosuite,214,216,387,389,458,460,
jai-imageio-jai-imageio-core-f81bc1ab19faa210ad289c6ae2588bc1157fd07a-BMPMetadata-L1006_L1027,randoop,
jai-imageio-jai-imageio-core-f81bc1ab19faa210ad289c6ae2588bc1157fd07a-BMPMetadata-L952_L960,dev,
jai-imageio-jai-imageio-core-f81bc1ab19faa210ad289c6ae2588bc1157fd07a-BMPMetadata-L952_L960,evosuite,5,7,8,10,15,24,25,26,27,29,30,31,32,33,39,40,
jai-imageio-jai-imageio-core-f81bc1ab19faa210ad289c6ae2588bc1157fd07a-BMPMetadata-L952_L960,randoop,
jai-imageio-jai-imageio-core-f81bc1ab19faa210ad289c6ae2588bc1157fd07a-PNMImageReader-L427_L436,dev,
jai-imageio-jai-imageio-core-f81bc1ab19faa210ad289c6ae2588bc1157fd07a-PNMImageReader-L427_L436,evosuite,
jai-imageio-jai-imageio-core-f81bc1ab19faa210ad289c6ae2588bc1157fd07a-PNMImageReader-L427_L436,randoop,
jai-imageio-jai-imageio-core-f81bc1ab19faa210ad289c6ae2588bc1157fd07a-PNMImageReader-L463_L475,dev,33,
jai-imageio-jai-imageio-core-f81bc1ab19faa210ad289c6ae2588bc1157fd07a-PNMImageReader-L463_L475,evosuite,0,1,2,3,7,8,9,10,12,13,14,15,16,17,18,19,20,21,22,29,30,31,32,33,34,35,36,37,41,42,43,44,45,49,50,51,52,72,74,84,85,86,87,88,89,90,91,92,93,94,95,96,97,98,99,100,101,102,103,104,105,108,117,121,122,126,127,128,129,130,131,132,134,135,139,140,141,150,153,154,155,156,157,160,161,162,163,164,165,166,168,169,
jai-imageio-jai-imageio-core-f81bc1ab19faa210ad289c6ae2588bc1157fd07a-PNMImageReader-L463_L475,randoop,
jai-imageio-jai-imageio-core-f81bc1ab19faa210ad289c6ae2588bc1157fd07a-PNMImageWriter-L443_L454,dev,3,6,7,11,12,25,26,28,32,34,48,52,
jai-imageio-jai-imageio-core-f81bc1ab19faa210ad289c6ae2588bc1157fd07a-PNMImageWriter-L443_L454,evosuite,
jai-imageio-jai-imageio-core-f81bc1ab19faa210ad289c6ae2588bc1157fd07a-PNMImageWriter-L443_L454,randoop,
jai-imageio-jai-imageio-core-f81bc1ab19faa210ad289c6ae2588bc1157fd07a-RawRenderedImage-L312_L319,dev,74,
jai-imageio-jai-imageio-core-f81bc1ab19faa210ad289c6ae2588bc1157fd07a-RawRenderedImage-L312_L319,evosuite,
jai-imageio-jai-imageio-core-f81bc1ab19faa210ad289c6ae2588bc1157fd07a-RawRenderedImage-L312_L319,randoop,
jai-imageio-jai-imageio-core-f81bc1ab19faa210ad289c6ae2588bc1157fd07a-RawRenderedImage-L451_L464,dev,
jai-imageio-jai-imageio-core-f81bc1ab19faa210ad289c6ae2588bc1157fd07a-RawRenderedImage-L451_L464,evosuite,
jai-imageio-jai-imageio-core-f81bc1ab19faa210ad289c6ae2588bc1157fd07a-RawRenderedImage-L451_L464,randoop,
jai-imageio-jai-imageio-core-f81bc1ab19faa210ad289c6ae2588bc1157fd07a-RawRenderedImage-L537_L545,dev,
jai-imageio-jai-imageio-core-f81bc1ab19faa210ad289c6ae2588bc1157fd07a-RawRenderedImage-L537_L545,evosuite,
jai-imageio-jai-imageio-core-f81bc1ab19faa210ad289c6ae2588bc1157fd07a-RawRenderedImage-L537_L545,randoop,
jai-imageio-jai-imageio-core-f81bc1ab19faa210ad289c6ae2588bc1157fd07a-TIFFDecompressor-L1143_L1152,dev,
jai-imageio-jai-imageio-core-f81bc1ab19faa210ad289c6ae2588bc1157fd07a-TIFFDecompressor-L1143_L1152,evosuite,0,1,2,3,4,5,6,7,8,16,17,18,19,20,21,22,23,24,31,33,36,37,38,40,45,
jai-imageio-jai-imageio-core-f81bc1ab19faa210ad289c6ae2588bc1157fd07a-TIFFDecompressor-L1143_L1152,randoop,
jai-imageio-jai-imageio-core-f81bc1ab19faa210ad289c6ae2588bc1157fd07a-TIFFImageMetadata-L888_L905,dev,
jai-imageio-jai-imageio-core-f81bc1ab19faa210ad289c6ae2588bc1157fd07a-TIFFImageMetadata-L888_L905,evosuite,2,8,9,10,11,12,17,18,19,20,21,23,34,44,54,61,62,64,65,66,
jai-imageio-jai-imageio-core-f81bc1ab19faa210ad289c6ae2588bc1157fd07a-TIFFImageMetadata-L888_L905,randoop,
jai-imageio-jai-imageio-core-f81bc1ab19faa210ad289c6ae2588bc1157fd07a-TIFFImageWriter-L1762_L1767,dev,
jai-imageio-jai-imageio-core-f81bc1ab19faa210ad289c6ae2588bc1157fd07a-TIFFImageWriter-L1762_L1767,evosuite,
jai-imageio-jai-imageio-core-f81bc1ab19faa210ad289c6ae2588bc1157fd07a-TIFFImageWriter-L1762_L1767,randoop,
jai-imageio-jai-imageio-core-f81bc1ab19faa210ad289c6ae2588bc1157fd07a-TIFFImageWriter-L745_L750,dev,11,12,13,14,16,18,20,27,28,29,32,33,
jai-imageio-jai-imageio-core-f81bc1ab19faa210ad289c6ae2588bc1157fd07a-TIFFImageWriter-L745_L750,evosuite,
jai-imageio-jai-imageio-core-f81bc1ab19faa210ad289c6ae2588bc1157fd07a-TIFFImageWriter-L745_L750,randoop,
jano7-executor-afa9dd02560c69e26f4addcd5b68500c5e95241b-KeySequentialBoundedExecutorTest-L113_L117,dev,8,
jano7-executor-afa9dd02560c69e26f4addcd5b68500c5e95241b-KeySequentialBoundedExecutorTest-L113_L117,evosuite,
jano7-executor-afa9dd02560c69e26f4addcd5b68500c5e95241b-KeySequentialBoundedExecutorTest-L113_L117,randoop,
JeffLi1993-java-core-learning-example-09f71b5606eeec1c65afafa4b3c7eddcc4a96732-CountDownLatchT-L26_L34,dev,
JeffLi1993-java-core-learning-example-09f71b5606eeec1c65afafa4b3c7eddcc4a96732-CountDownLatchT-L26_L34,evosuite,
JeffLi1993-java-core-learning-example-09f71b5606eeec1c65afafa4b3c7eddcc4a96732-CountDownLatchT-L26_L34,randoop,
jenkins-infra-update-center2-5b1203f26470aa07d226974b599e53315a270a92-TieredUpdateSitesGenerator-L108_L113,dev,
jenkins-infra-update-center2-5b1203f26470aa07d226974b599e53315a270a92-TieredUpdateSitesGenerator-L108_L113,evosuite,
jenkins-infra-update-center2-5b1203f26470aa07d226974b599e53315a270a92-TieredUpdateSitesGenerator-L108_L113,randoop,
jessin20161124-miniDubboOpen-a02a5c2b393456861401b14057752fb22a7308ab-DubboInvoker-L56_L60,dev,0,9,10,11,14,17,18,
jessin20161124-miniDubboOpen-a02a5c2b393456861401b14057752fb22a7308ab-DubboInvoker-L56_L60,evosuite,
jessin20161124-miniDubboOpen-a02a5c2b393456861401b14057752fb22a7308ab-DubboInvoker-L56_L60,randoop,
jessin20161124-miniDubboOpen-a02a5c2b393456861401b14057752fb22a7308ab-FastjsonSerializer-L269_L270,dev,
jessin20161124-miniDubboOpen-a02a5c2b393456861401b14057752fb22a7308ab-FastjsonSerializer-L269_L270,evosuite,
jessin20161124-miniDubboOpen-a02a5c2b393456861401b14057752fb22a7308ab-FastjsonSerializer-L269_L270,randoop,
jessin20161124-miniDubboOpen-a02a5c2b393456861401b14057752fb22a7308ab-NettyServerHandler-L104_L111,dev,0,9,10,11,14,17,21,24,29,
jessin20161124-miniDubboOpen-a02a5c2b393456861401b14057752fb22a7308ab-NettyServerHandler-L104_L111,evosuite,
jessin20161124-miniDubboOpen-a02a5c2b393456861401b14057752fb22a7308ab-NettyServerHandler-L104_L111,randoop,
jetlang-remoting-505aadcc72f28bdf1796ce6fc5b490cece2e5375-JetlangTcpClient-L220_L225,dev,0,4,6,9,12,15,16,19,
jetlang-remoting-505aadcc72f28bdf1796ce6fc5b490cece2e5375-JetlangTcpClient-L220_L225,evosuite,
jetlang-remoting-505aadcc72f28bdf1796ce6fc5b490cece2e5375-JetlangTcpClient-L220_L225,randoop,
jetlang-remoting-505aadcc72f28bdf1796ce6fc5b490cece2e5375-JetlangTcpClient-L337_L338,dev,6,
jetlang-remoting-505aadcc72f28bdf1796ce6fc5b490cece2e5375-JetlangTcpClient-L337_L338,evosuite,
jetlang-remoting-505aadcc72f28bdf1796ce6fc5b490cece2e5375-JetlangTcpClient-L337_L338,randoop,
jfinal-jfinal-076e76a4941c989d7f535035295aa3d055123131-ProxyGenerator-L100_L110,dev,
jfinal-jfinal-076e76a4941c989d7f535035295aa3d055123131-ProxyGenerator-L100_L110,evosuite,
jfinal-jfinal-076e76a4941c989d7f535035295aa3d055123131-ProxyGenerator-L100_L110,randoop,
jhunters-jprotobuf-0e326bf8704027adc8af182e7cebc0e7a9c38e30-PrecompileTask-L164_L168,dev,
jhunters-jprotobuf-0e326bf8704027adc8af182e7cebc0e7a9c38e30-PrecompileTask-L164_L168,evosuite,
jhunters-jprotobuf-0e326bf8704027adc8af182e7cebc0e7a9c38e30-PrecompileTask-L164_L168,randoop,
jonatan-kazmierczak-class-visualizer-71015106c3316c02d366af71d9883c909d9ac772-GUIHandler-L35_L45,dev,5,6,7,18,29,
jonatan-kazmierczak-class-visualizer-71015106c3316c02d366af71d9883c909d9ac772-GUIHandler-L35_L45,evosuite,
jonatan-kazmierczak-class-visualizer-71015106c3316c02d366af71d9883c909d9ac772-GUIHandler-L35_L45,randoop,
joniles-mpxj-91540932b1db27a525f1ee9e9fb9d878acedfc74-MPPAssignmentField-L56_L59,dev,
joniles-mpxj-91540932b1db27a525f1ee9e9fb9d878acedfc74-MPPAssignmentField-L56_L59,evosuite,
joniles-mpxj-91540932b1db27a525f1ee9e9fb9d878acedfc74-MPPAssignmentField-L56_L59,randoop,
joniles-mpxj-91540932b1db27a525f1ee9e9fb9d878acedfc74-MPPProjectField-L52_L55,dev,
joniles-mpxj-91540932b1db27a525f1ee9e9fb9d878acedfc74-MPPProjectField-L52_L55,evosuite,
joniles-mpxj-91540932b1db27a525f1ee9e9fb9d878acedfc74-MPPProjectField-L52_L55,randoop,
joniles-mpxj-91540932b1db27a525f1ee9e9fb9d878acedfc74-MPPResourceField-L55_L58,dev,
joniles-mpxj-91540932b1db27a525f1ee9e9fb9d878acedfc74-MPPResourceField-L55_L58,evosuite,
joniles-mpxj-91540932b1db27a525f1ee9e9fb9d878acedfc74-MPPResourceField-L55_L58,randoop,
joniles-mpxj-91540932b1db27a525f1ee9e9fb9d878acedfc74-MPPTaskField-L55_L58,dev,
joniles-mpxj-91540932b1db27a525f1ee9e9fb9d878acedfc74-MPPTaskField-L55_L58,evosuite,
joniles-mpxj-91540932b1db27a525f1ee9e9fb9d878acedfc74-MPPTaskField-L55_L58,randoop,
JoonasVali-jartin-d54d145b05666c9e5661fd27ab4c128eb05f1c9f-Stamp-L67_L71,dev,
JoonasVali-jartin-d54d145b05666c9e5661fd27ab4c128eb05f1c9f-Stamp-L67_L71,evosuite,
JoonasVali-jartin-d54d145b05666c9e5661fd27ab4c128eb05f1c9f-Stamp-L67_L71,randoop,
jruby-jcodings-4eb6216f88f2b4ce80b555cc58e3f86e88b72c86-Transcoding-L231_L245,dev,
jruby-jcodings-4eb6216f88f2b4ce80b555cc58e3f86e88b72c86-Transcoding-L231_L245,evosuite,
jruby-jcodings-4eb6216f88f2b4ce80b555cc58e3f86e88b72c86-Transcoding-L231_L245,randoop,
jruby-joni-d4696c4f6dcdd1484895abae4b9b3c62874759e1-Lexer-L1178_L1183,dev,3,5,7,8,13,15,22,23,24,25,27,
jruby-joni-d4696c4f6dcdd1484895abae4b9b3c62874759e1-Lexer-L1178_L1183,evosuite,
jruby-joni-d4696c4f6dcdd1484895abae4b9b3c62874759e1-Lexer-L1178_L1183,randoop,
jruby-joni-d4696c4f6dcdd1484895abae4b9b3c62874759e1-Matcher-L341_L349,dev,0,1,3,8,9,11,12,14,19,20,22,23,24,25,31,32,34,43,44,45,50,60,61,
jruby-joni-d4696c4f6dcdd1484895abae4b9b3c62874759e1-Matcher-L341_L349,evosuite,
jruby-joni-d4696c4f6dcdd1484895abae4b9b3c62874759e1-Matcher-L341_L349,randoop,
jruby-joni-d4696c4f6dcdd1484895abae4b9b3c62874759e1-Matcher-L352_L362,dev,0,1,3,8,9,11,12,13,20,22,23,28,29,36,37,
jruby-joni-d4696c4f6dcdd1484895abae4b9b3c62874759e1-Matcher-L352_L362,evosuite,
jruby-joni-d4696c4f6dcdd1484895abae4b9b3c62874759e1-Matcher-L352_L362,randoop,
jruby-joni-d4696c4f6dcdd1484895abae4b9b3c62874759e1-Matcher-L434_L442,dev,3,4,7,16,17,19,22,23,27,28,33,36,37,38,40,41,42,46,47,49,55,56,57,
jruby-joni-d4696c4f6dcdd1484895abae4b9b3c62874759e1-Matcher-L434_L442,evosuite,
jruby-joni-d4696c4f6dcdd1484895abae4b9b3c62874759e1-Matcher-L434_L442,randoop,
jtidy-jtidy-aade7c5a6c1007d013859ac95378a2d469f5e254-Lexer-L2517_L2525,dev,0,10,2,3,5,6,7,8,9,
jtidy-jtidy-aade7c5a6c1007d013859ac95378a2d469f5e254-Lexer-L2517_L2525,evosuite,
jtidy-jtidy-aade7c5a6c1007d013859ac95378a2d469f5e254-Lexer-L2517_L2525,randoop,
jtidy-jtidy-aade7c5a6c1007d013859ac95378a2d469f5e254-PPrint-L737_L778,dev,
jtidy-jtidy-aade7c5a6c1007d013859ac95378a2d469f5e254-PPrint-L737_L778,evosuite,
jtidy-jtidy-aade7c5a6c1007d013859ac95378a2d469f5e254-PPrint-L737_L778,randoop,
jtidy-jtidy-aade7c5a6c1007d013859ac95378a2d469f5e254-PPrint-L904_L912,dev,12,
jtidy-jtidy-aade7c5a6c1007d013859ac95378a2d469f5e254-PPrint-L904_L912,evosuite,
jtidy-jtidy-aade7c5a6c1007d013859ac95378a2d469f5e254-PPrint-L904_L912,randoop,
junichi11-netbeans-color-codes-preview-97a0262a3c15ab5842c43b68019e1e355ad7d3a8-ColorCodesPanel-L102_L108,dev,
junichi11-netbeans-color-codes-preview-97a0262a3c15ab5842c43b68019e1e355ad7d3a8-ColorCodesPanel-L102_L108,evosuite,
junichi11-netbeans-color-codes-preview-97a0262a3c15ab5842c43b68019e1e355ad7d3a8-ColorCodesPanel-L102_L108,randoop,
junichi11-netbeans-color-codes-preview-97a0262a3c15ab5842c43b68019e1e355ad7d3a8-HexCssColorCodesProvider-L121_L131,dev,3,4,9,10,11,12,16,17,19,24,25,31,37,39,40,82,83,85,120,
junichi11-netbeans-color-codes-preview-97a0262a3c15ab5842c43b68019e1e355ad7d3a8-HexCssColorCodesProvider-L121_L131,evosuite,
junichi11-netbeans-color-codes-preview-97a0262a3c15ab5842c43b68019e1e355ad7d3a8-HexCssColorCodesProvider-L121_L131,randoop,
keighrim-mae-annotation-a4bf15aaad14f80b4c6a076bd01c58f6e4d07000-FontHandler-L129_L132,dev,
keighrim-mae-annotation-a4bf15aaad14f80b4c6a076bd01c58f6e4d07000-FontHandler-L129_L132,evosuite,
keighrim-mae-annotation-a4bf15aaad14f80b4c6a076bd01c58f6e4d07000-FontHandler-L129_L132,randoop,
keighrim-mae-annotation-a4bf15aaad14f80b4c6a076bd01c58f6e4d07000-MaeAgreementGUI-L291_L295,dev,
keighrim-mae-annotation-a4bf15aaad14f80b4c6a076bd01c58f6e4d07000-MaeAgreementGUI-L291_L295,evosuite,
keighrim-mae-annotation-a4bf15aaad14f80b4c6a076bd01c58f6e4d07000-MaeAgreementGUI-L291_L295,randoop,
lastaflute-lastaflute-01201e2eee995053bf6f9febcf58ace01ed38c30-ActionFormMapper-L928_L935,dev,
lastaflute-lastaflute-01201e2eee995053bf6f9febcf58ace01ed38c30-ActionFormMapper-L928_L935,evosuite,
lastaflute-lastaflute-01201e2eee995053bf6f9febcf58ace01ed38c30-ActionFormMapper-L928_L935,randoop,
lastaflute-lastaflute-01201e2eee995053bf6f9febcf58ace01ed38c30-ActionValidator-L745_L745,dev,
lastaflute-lastaflute-01201e2eee995053bf6f9febcf58ace01ed38c30-ActionValidator-L745_L745,evosuite,
lastaflute-lastaflute-01201e2eee995053bf6f9febcf58ace01ed38c30-ActionValidator-L745_L745,randoop,
lastaflute-lastaflute-01201e2eee995053bf6f9febcf58ace01ed38c30-GodHandableAction-L418_L421,dev,
lastaflute-lastaflute-01201e2eee995053bf6f9febcf58ace01ed38c30-GodHandableAction-L418_L421,evosuite,
lastaflute-lastaflute-01201e2eee995053bf6f9febcf58ace01ed38c30-GodHandableAction-L418_L421,randoop,
lastaflute-lastaflute-01201e2eee995053bf6f9febcf58ace01ed38c30-JsonUnifiedTextReadingFilter-L45_L52,dev,3,12,13,17,20,29,31,
lastaflute-lastaflute-01201e2eee995053bf6f9febcf58ace01ed38c30-JsonUnifiedTextReadingFilter-L45_L52,evosuite,
lastaflute-lastaflute-01201e2eee995053bf6f9febcf58ace01ed38c30-JsonUnifiedTextReadingFilter-L45_L52,randoop,
lastaflute-lastaflute-01201e2eee995053bf6f9febcf58ace01ed38c30-MDCHook-L95_L98,dev,
lastaflute-lastaflute-01201e2eee995053bf6f9febcf58ace01ed38c30-MDCHook-L95_L98,evosuite,
lastaflute-lastaflute-01201e2eee995053bf6f9febcf58ace01ed38c30-MDCHook-L95_L98,randoop,
lastaflute-lastaflute-01201e2eee995053bf6f9febcf58ace01ed38c30-RequestLoggingFilter-L751_L754,dev,
lastaflute-lastaflute-01201e2eee995053bf6f9febcf58ace01ed38c30-RequestLoggingFilter-L751_L754,evosuite,
lastaflute-lastaflute-01201e2eee995053bf6f9febcf58ace01ed38c30-RequestLoggingFilter-L751_L754,randoop,
lastaflute-lastaflute-01201e2eee995053bf6f9febcf58ace01ed38c30-RestfulStructuredMethodVerifier-L423_L423,dev,
lastaflute-lastaflute-01201e2eee995053bf6f9febcf58ace01ed38c30-RestfulStructuredMethodVerifier-L423_L423,evosuite,
lastaflute-lastaflute-01201e2eee995053bf6f9febcf58ace01ed38c30-RestfulStructuredMethodVerifier-L423_L423,randoop,
lastaflute-lastaflute-01201e2eee995053bf6f9febcf58ace01ed38c30-SimpleAsyncManager-L733_L736,dev,
lastaflute-lastaflute-01201e2eee995053bf6f9febcf58ace01ed38c30-SimpleAsyncManager-L733_L736,evosuite,0,1,2,3,4,5,6,7,8,12,13,14,17,21,35,
lastaflute-lastaflute-01201e2eee995053bf6f9febcf58ace01ed38c30-SimpleAsyncManager-L733_L736,randoop,
leonhad-paradoxdriver-de3a6ad18b6c7f1d461383876339dc8086beaead-ConnectionInfo-L507_L508,dev,
leonhad-paradoxdriver-de3a6ad18b6c7f1d461383876339dc8086beaead-ConnectionInfo-L507_L508,evosuite,3,8,9,10,11,12,13,14,15,16,17,57,103,
leonhad-paradoxdriver-de3a6ad18b6c7f1d461383876339dc8086beaead-ConnectionInfo-L507_L508,randoop,
leonhad-paradoxdriver-de3a6ad18b6c7f1d461383876339dc8086beaead-FunctionNode-L105_L109,dev,
leonhad-paradoxdriver-de3a6ad18b6c7f1d461383876339dc8086beaead-FunctionNode-L105_L109,evosuite,
leonhad-paradoxdriver-de3a6ad18b6c7f1d461383876339dc8086beaead-FunctionNode-L105_L109,randoop,
leonhad-paradoxdriver-de3a6ad18b6c7f1d461383876339dc8086beaead-SelectPlan-L292_L298,dev,
leonhad-paradoxdriver-de3a6ad18b6c7f1d461383876339dc8086beaead-SelectPlan-L292_L298,evosuite,
leonhad-paradoxdriver-de3a6ad18b6c7f1d461383876339dc8086beaead-SelectPlan-L292_L298,randoop,
lettuce-io-lettuce-core-761d60247159662ce1db8bc20318bc4b573bc010-LettuceExtension-L220_L228,dev,6,7,8,11,14,15,16,17,18,21,29,
lettuce-io-lettuce-core-761d60247159662ce1db8bc20318bc4b573bc010-LettuceExtension-L220_L228,evosuite,
lettuce-io-lettuce-core-761d60247159662ce1db8bc20318bc4b573bc010-LettuceExtension-L220_L228,randoop,
lettuce-io-lettuce-core-761d60247159662ce1db8bc20318bc4b573bc010-RedisChannelHandler-L183_L190,dev,5,6,15,16,17,20,23,24,27,
lettuce-io-lettuce-core-761d60247159662ce1db8bc20318bc4b573bc010-RedisChannelHandler-L183_L190,evosuite,
lettuce-io-lettuce-core-761d60247159662ce1db8bc20318bc4b573bc010-RedisChannelHandler-L183_L190,randoop,
lettuce-io-lettuce-core-761d60247159662ce1db8bc20318bc4b573bc010-RedisClusterClient-L1016_L1024,dev,26,30,31,32,35,42,
lettuce-io-lettuce-core-761d60247159662ce1db8bc20318bc4b573bc010-RedisClusterClient-L1016_L1024,evosuite,
lettuce-io-lettuce-core-761d60247159662ce1db8bc20318bc4b573bc010-RedisClusterClient-L1016_L1024,randoop,
lettuce-io-lettuce-core-761d60247159662ce1db8bc20318bc4b573bc010-RedisClusterClient-L997_L1004,dev,0,9,10,11,17,20,23,24,27,
lettuce-io-lettuce-core-761d60247159662ce1db8bc20318bc4b573bc010-RedisClusterClient-L997_L1004,evosuite,
lettuce-io-lettuce-core-761d60247159662ce1db8bc20318bc4b573bc010-RedisClusterClient-L997_L1004,randoop,
lettuce-io-lettuce-core-761d60247159662ce1db8bc20318bc4b573bc010-RedisURI-L926_L930,dev,3,4,5,8,9,
lettuce-io-lettuce-core-761d60247159662ce1db8bc20318bc4b573bc010-RedisURI-L926_L930,evosuite,
lettuce-io-lettuce-core-761d60247159662ce1db8bc20318bc4b573bc010-RedisURI-L926_L930,randoop,
lettuce-io-lettuce-core-761d60247159662ce1db8bc20318bc4b573bc010-StatefulRedisConnectionImpl-L189_L191,dev,0,9,10,11,14,
lettuce-io-lettuce-core-761d60247159662ce1db8bc20318bc4b573bc010-StatefulRedisConnectionImpl-L189_L191,evosuite,
lettuce-io-lettuce-core-761d60247159662ce1db8bc20318bc4b573bc010-StatefulRedisConnectionImpl-L189_L191,randoop,
lettuce-io-lettuce-core-761d60247159662ce1db8bc20318bc4b573bc010-StatefulRedisConnectionImpl-L220_L225,dev,2,4,5,6,10,19,20,21,24,
lettuce-io-lettuce-core-761d60247159662ce1db8bc20318bc4b573bc010-StatefulRedisConnectionImpl-L220_L225,evosuite,
lettuce-io-lettuce-core-761d60247159662ce1db8bc20318bc4b573bc010-StatefulRedisConnectionImpl-L220_L225,randoop,
loehndorf-scengen-5e11067f76f5631a31b75f823cd3666a769b098f-Generator-L186_L195,dev,13,16,18,20,32,33,34,35,37,38,39,40,41,45,46,47,48,49,50,51,52,55,56,60,63,64,65,66,67,68,69,70,71,73,77,80,81,108,109,111,123,129,130,131,134,135,136,137,139,140,141,142,144,
loehndorf-scengen-5e11067f76f5631a31b75f823cd3666a769b098f-Generator-L186_L195,evosuite,
loehndorf-scengen-5e11067f76f5631a31b75f823cd3666a769b098f-Generator-L186_L195,randoop,
logpresso-CVE-2021-44228-Scanner-35c37dd6941d6b77d103229302cadd473b97a816-Configuration-L348_L364,dev,
logpresso-CVE-2021-44228-Scanner-35c37dd6941d6b77d103229302cadd473b97a816-Configuration-L348_L364,evosuite,0,1,2,3,4,5,6,7,9,10,11,12,16,17,18,19,20,21,22,23,24,25,26,37,41,42,47,48,52,71,75,76,86,
logpresso-CVE-2021-44228-Scanner-35c37dd6941d6b77d103229302cadd473b97a816-Configuration-L348_L364,randoop,
lzgabel-camunda-cloud-bpmn-converter-5a301723aa17c90a090c235f91d5491a1f7c249f-IntermediateCatchEventProcessor-L48_L61,dev,
lzgabel-camunda-cloud-bpmn-converter-5a301723aa17c90a090c235f91d5491a1f7c249f-IntermediateCatchEventProcessor-L48_L61,evosuite,
lzgabel-camunda-cloud-bpmn-converter-5a301723aa17c90a090c235f91d5491a1f7c249f-IntermediateCatchEventProcessor-L48_L61,randoop,
magdel-MapNav-97c4f93f02a56aa1ce2b2ffc8d0cd41ed150e9b3-MapCanvas-L1732_L1734,dev,
magdel-MapNav-97c4f93f02a56aa1ce2b2ffc8d0cd41ed150e9b3-MapCanvas-L1732_L1734,evosuite,
magdel-MapNav-97c4f93f02a56aa1ce2b2ffc8d0cd41ed150e9b3-MapCanvas-L1732_L1734,randoop,
magdel-MapNav-97c4f93f02a56aa1ce2b2ffc8d0cd41ed150e9b3-MapCanvas-L5412_L5414,dev,
magdel-MapNav-97c4f93f02a56aa1ce2b2ffc8d0cd41ed150e9b3-MapCanvas-L5412_L5414,evosuite,
magdel-MapNav-97c4f93f02a56aa1ce2b2ffc8d0cd41ed150e9b3-MapCanvas-L5412_L5414,randoop,
magdel-MapNav-97c4f93f02a56aa1ce2b2ffc8d0cd41ed150e9b3-MapForms-L1022_L1049,dev,
magdel-MapNav-97c4f93f02a56aa1ce2b2ffc8d0cd41ed150e9b3-MapForms-L1022_L1049,evosuite,
magdel-MapNav-97c4f93f02a56aa1ce2b2ffc8d0cd41ed150e9b3-MapForms-L1022_L1049,randoop,
mangstadt-biweekly-5baf97e7f64d1daf0c4f6277b3600021be28303e-RecurrenceIteratorFactory-L232_L233,dev,0,1,2,3,5,6,8,9,10,11,13,14,15,16,17,18,21,27,31,32,33,34,35,36,37,38,39,45,46,
mangstadt-biweekly-5baf97e7f64d1daf0c4f6277b3600021be28303e-RecurrenceIteratorFactory-L232_L233,evosuite,
mangstadt-biweekly-5baf97e7f64d1daf0c4f6277b3600021be28303e-RecurrenceIteratorFactory-L232_L233,randoop,
MarkShen1992-Mashibing_High_Concurrency-f408144caf72de0391f6e271eec6b92021ab1ca4-TicketSeller2-L26_L34,dev,
MarkShen1992-Mashibing_High_Concurrency-f408144caf72de0391f6e271eec6b92021ab1ca4-TicketSeller2-L26_L34,evosuite,
MarkShen1992-Mashibing_High_Concurrency-f408144caf72de0391f6e271eec6b92021ab1ca4-TicketSeller2-L26_L34,randoop,
MarkShen1992-Mashibing_High_Concurrency-f408144caf72de0391f6e271eec6b92021ab1ca4-TicketSeller4-L26_L33,dev,
MarkShen1992-Mashibing_High_Concurrency-f408144caf72de0391f6e271eec6b92021ab1ca4-TicketSeller4-L26_L33,evosuite,
MarkShen1992-Mashibing_High_Concurrency-f408144caf72de0391f6e271eec6b92021ab1ca4-TicketSeller4-L26_L33,randoop,
maven-nar-nar-maven-plugin-e747b5ee080b243e0b817f722a43c9c203bb4df8-Linker-L408_L417,dev,56,
maven-nar-nar-maven-plugin-e747b5ee080b243e0b817f722a43c9c203bb4df8-Linker-L408_L417,evosuite,
maven-nar-nar-maven-plugin-e747b5ee080b243e0b817f722a43c9c203bb4df8-Linker-L408_L417,randoop,
maven-nar-nar-maven-plugin-e747b5ee080b243e0b817f722a43c9c203bb4df8-Linker-L430_L442,dev,7,8,44,
maven-nar-nar-maven-plugin-e747b5ee080b243e0b817f722a43c9c203bb4df8-Linker-L430_L442,evosuite,
maven-nar-nar-maven-plugin-e747b5ee080b243e0b817f722a43c9c203bb4df8-Linker-L430_L442,randoop,
maven-nar-nar-maven-plugin-e747b5ee080b243e0b817f722a43c9c203bb4df8-NarCompileMojo-L352_L362,dev,31,35,
maven-nar-nar-maven-plugin-e747b5ee080b243e0b817f722a43c9c203bb4df8-NarCompileMojo-L352_L362,evosuite,
maven-nar-nar-maven-plugin-e747b5ee080b243e0b817f722a43c9c203bb4df8-NarCompileMojo-L352_L362,randoop,
maven-nar-nar-maven-plugin-e747b5ee080b243e0b817f722a43c9c203bb4df8-NarIntegrationTestMojo-L708_L718,dev,27,
maven-nar-nar-maven-plugin-e747b5ee080b243e0b817f722a43c9c203bb4df8-NarIntegrationTestMojo-L708_L718,evosuite,
maven-nar-nar-maven-plugin-e747b5ee080b243e0b817f722a43c9c203bb4df8-NarIntegrationTestMojo-L708_L718,randoop,
maven-nar-nar-maven-plugin-e747b5ee080b243e0b817f722a43c9c203bb4df8-NarIntegrationTestMojo-L952_L955,dev,49,63,
maven-nar-nar-maven-plugin-e747b5ee080b243e0b817f722a43c9c203bb4df8-NarIntegrationTestMojo-L952_L955,evosuite,
maven-nar-nar-maven-plugin-e747b5ee080b243e0b817f722a43c9c203bb4df8-NarIntegrationTestMojo-L952_L955,randoop,
maxmind-geoip-api-java-0ed8a38981512667533d47204486aae0278a1bc8-regionName-L11_L23,dev,26,28,36,38,290,292,293,294,296,298,299,301,303,309,310,314,315,316,318,319,320,326,328,394,469,603,605,606,608,609,610,611,612,614,624,625,627,629,631,632,633,634,635,636,779,916,917,918,919,920,921,922,923,924,925,926,927,928,929,930,931,932,933,934,935,936,938,940,941,942,943,948,949,950,951,952,953,954,956,957,958,959,960,961,962,964,965,966,967,968,969,970,971,973,974,975,976,977,978,979,980,982,983,984,985,986,987,988,989,992,
maxmind-geoip-api-java-0ed8a38981512667533d47204486aae0278a1bc8-regionName-L11_L23,evosuite,
maxmind-geoip-api-java-0ed8a38981512667533d47204486aae0278a1bc8-regionName-L11_L23,randoop,26,28,36,38,316,318,326,328,453,455,463,465,
maxmind-geoip-api-java-0ed8a38981512667533d47204486aae0278a1bc8-timeZone-L33_L81,dev,
maxmind-geoip-api-java-0ed8a38981512667533d47204486aae0278a1bc8-timeZone-L33_L81,evosuite,4,6,8,17,19,21,31,33,35,45,47,49,59,61,63,73,75,77,87,89,91,101,103,105,115,117,119,129,131,133,143,145,147,157,159,161,171,173,175,185,187,189,199,201,203,213,215,217,227,229,231,241,243,245,255,257,259,269,271,273,283,285,287,297,299,301,311,313,315,325,327,329,
maxmind-geoip-api-java-0ed8a38981512667533d47204486aae0278a1bc8-timeZone-L33_L81,randoop,
messai-engineering-Yuga-40b006970e6e9a1eb5fc13e739f22232c683a965-Yuga-L239_L245,dev,120,122,123,130,132,133,14,15,168,16,180,181,183,184,187,19,20,24,27,28,29,30,32,33,5,6,79,80,81,
messai-engineering-Yuga-40b006970e6e9a1eb5fc13e739f22232c683a965-Yuga-L239_L245,evosuite,5,6,14,15,16,19,34,79,81,82,120,122,123,130,131,132,133,168,180,181,183,185,187,
messai-engineering-Yuga-40b006970e6e9a1eb5fc13e739f22232c683a965-Yuga-L239_L245,randoop,14,15,19,6,
meteoinfo-wContour-dade1e866bf3d3eab56bd09f2b1dcdac5c1ee6f6-Contour-L118_L138,dev,
meteoinfo-wContour-dade1e866bf3d3eab56bd09f2b1dcdac5c1ee6f6-Contour-L118_L138,evosuite,
meteoinfo-wContour-dade1e866bf3d3eab56bd09f2b1dcdac5c1ee6f6-Contour-L118_L138,randoop,
meteoinfo-wContour-dade1e866bf3d3eab56bd09f2b1dcdac5c1ee6f6-Contour-L1699_L1708,dev,
meteoinfo-wContour-dade1e866bf3d3eab56bd09f2b1dcdac5c1ee6f6-Contour-L1699_L1708,evosuite,
meteoinfo-wContour-dade1e866bf3d3eab56bd09f2b1dcdac5c1ee6f6-Contour-L1699_L1708,randoop,
meteoinfo-wContour-dade1e866bf3d3eab56bd09f2b1dcdac5c1ee6f6-Contour-L1710_L1725,dev,
meteoinfo-wContour-dade1e866bf3d3eab56bd09f2b1dcdac5c1ee6f6-Contour-L1710_L1725,evosuite,
meteoinfo-wContour-dade1e866bf3d3eab56bd09f2b1dcdac5c1ee6f6-Contour-L1710_L1725,randoop,
meteoinfo-wContour-dade1e866bf3d3eab56bd09f2b1dcdac5c1ee6f6-Contour-L238_L255,dev,
meteoinfo-wContour-dade1e866bf3d3eab56bd09f2b1dcdac5c1ee6f6-Contour-L238_L255,evosuite,
meteoinfo-wContour-dade1e866bf3d3eab56bd09f2b1dcdac5c1ee6f6-Contour-L238_L255,randoop,
meteoinfo-wContour-dade1e866bf3d3eab56bd09f2b1dcdac5c1ee6f6-Contour-L3109_L3123,dev,
meteoinfo-wContour-dade1e866bf3d3eab56bd09f2b1dcdac5c1ee6f6-Contour-L3109_L3123,evosuite,
meteoinfo-wContour-dade1e866bf3d3eab56bd09f2b1dcdac5c1ee6f6-Contour-L3109_L3123,randoop,
meteoinfo-wContour-dade1e866bf3d3eab56bd09f2b1dcdac5c1ee6f6-Contour-L4177_L4190,dev,
meteoinfo-wContour-dade1e866bf3d3eab56bd09f2b1dcdac5c1ee6f6-Contour-L4177_L4190,evosuite,
meteoinfo-wContour-dade1e866bf3d3eab56bd09f2b1dcdac5c1ee6f6-Contour-L4177_L4190,randoop,
mimno-Mallet-ff204eb8aa7f414e779f37843fb68b3e1fdc7015-SVD-L161_L168,dev,
mimno-Mallet-ff204eb8aa7f414e779f37843fb68b3e1fdc7015-SVD-L161_L168,evosuite,
mimno-Mallet-ff204eb8aa7f414e779f37843fb68b3e1fdc7015-SVD-L161_L168,randoop,
mimno-Mallet-ff204eb8aa7f414e779f37843fb68b3e1fdc7015-SVD-L415_L417,dev,
mimno-Mallet-ff204eb8aa7f414e779f37843fb68b3e1fdc7015-SVD-L415_L417,evosuite,
mimno-Mallet-ff204eb8aa7f414e779f37843fb68b3e1fdc7015-SVD-L415_L417,randoop,
mimno-Mallet-ff204eb8aa7f414e779f37843fb68b3e1fdc7015-SVD-L69_L78,dev,
mimno-Mallet-ff204eb8aa7f414e779f37843fb68b3e1fdc7015-SVD-L69_L78,evosuite,
mimno-Mallet-ff204eb8aa7f414e779f37843fb68b3e1fdc7015-SVD-L69_L78,randoop,
mjsalerno-UnoBot-4ee2ef9abe11a299a434f9ea998b6dddd8a4b0aa-UnoBot-L576_L587,dev,
mjsalerno-UnoBot-4ee2ef9abe11a299a434f9ea998b6dddd8a4b0aa-UnoBot-L576_L587,evosuite,
mjsalerno-UnoBot-4ee2ef9abe11a299a434f9ea998b6dddd8a4b0aa-UnoBot-L576_L587,randoop,
mojohaus-license-maven-plugin-b9ec9b85e32fa978b8bdd9aee018b0bf94a518fe-CalcFileWriter-L608_L620,dev,
mojohaus-license-maven-plugin-b9ec9b85e32fa978b8bdd9aee018b0bf94a518fe-CalcFileWriter-L608_L620,evosuite,
mojohaus-license-maven-plugin-b9ec9b85e32fa978b8bdd9aee018b0bf94a518fe-CalcFileWriter-L608_L620,randoop,
mojohaus-license-maven-plugin-b9ec9b85e32fa978b8bdd9aee018b0bf94a518fe-ExcelFileWriter-L483_L495,dev,
mojohaus-license-maven-plugin-b9ec9b85e32fa978b8bdd9aee018b0bf94a518fe-ExcelFileWriter-L483_L495,evosuite,
mojohaus-license-maven-plugin-b9ec9b85e32fa978b8bdd9aee018b0bf94a518fe-ExcelFileWriter-L483_L495,randoop,
monkeymq-jgossip-4bfc8e791381f70d62ea4ad6d8ae952da840dd0d-UDPMsgService-L97_L101,dev,
monkeymq-jgossip-4bfc8e791381f70d62ea4ad6d8ae952da840dd0d-UDPMsgService-L97_L101,evosuite,
monkeymq-jgossip-4bfc8e791381f70d62ea4ad6d8ae952da840dd0d-UDPMsgService-L97_L101,randoop,
mvel-mvel-236d37bc78a158553592afedbbf1aa27815efb78-AbstractParser-L324_L329,dev,3,4,5,8,17,29,30,31,32,34,35,39,59,73,74,75,77,
mvel-mvel-236d37bc78a158553592afedbbf1aa27815efb78-AbstractParser-L324_L329,evosuite,3,4,5,8,17,20,29,30,31,32,33,34,35,39,59,73,74,75,77,
mvel-mvel-236d37bc78a158553592afedbbf1aa27815efb78-AbstractParser-L324_L329,randoop,
mvel-mvel-236d37bc78a158553592afedbbf1aa27815efb78-ASMAccessorOptimizer-L1212_L1220,dev,
mvel-mvel-236d37bc78a158553592afedbbf1aa27815efb78-ASMAccessorOptimizer-L1212_L1220,evosuite,
mvel-mvel-236d37bc78a158553592afedbbf1aa27815efb78-ASMAccessorOptimizer-L1212_L1220,randoop,
mvel-mvel-236d37bc78a158553592afedbbf1aa27815efb78-ASMAccessorOptimizer-L1833_L1842,dev,8,9,10,11,13,14,15,16,17,21,29,30,31,32,33,41,42,44,49,51,57,58,60,61,
mvel-mvel-236d37bc78a158553592afedbbf1aa27815efb78-ASMAccessorOptimizer-L1833_L1842,evosuite,
mvel-mvel-236d37bc78a158553592afedbbf1aa27815efb78-ASMAccessorOptimizer-L1833_L1842,randoop,
mvel-mvel-236d37bc78a158553592afedbbf1aa27815efb78-ASMAccessorOptimizer-L1991_L1996,dev,2,4,16,17,18,19,21,28,32,33,34,36,41,43,47,49,50,
mvel-mvel-236d37bc78a158553592afedbbf1aa27815efb78-ASMAccessorOptimizer-L1991_L1996,evosuite,2,4,16,17,18,19,20,21,28,29,30,31,32,33,34,35,36,37,39,41,42,43,47,49,50,
mvel-mvel-236d37bc78a158553592afedbbf1aa27815efb78-ASMAccessorOptimizer-L1991_L1996,randoop,
narupley-not-going-to-be-commons-ssl-346bb4e8481316687a643219800a398ecd8f62a8-PKCS8Key-L659_L695,dev,2,3,11,12,14,20,22,26,28,47,48,49,50,51,52,53,54,55,59,60,62,68,69,72,73,75,83,87,88,90,98,99,102,103,105,106,113,114,117,131,132,133,134,135,136,137,138,143,144,145,146,150,151,152,154,157,160,162,163,164,165,169,170,171,173,176,179,181,182,183,184,188,189,190,192,195,198,
narupley-not-going-to-be-commons-ssl-346bb4e8481316687a643219800a398ecd8f62a8-PKCS8Key-L659_L695,evosuite,
narupley-not-going-to-be-commons-ssl-346bb4e8481316687a643219800a398ecd8f62a8-PKCS8Key-L659_L695,randoop,
Neop-mudmap2-070650853bc37663525f0d62fb54a029e364eafd-WorldFileJSON-L347_L362,dev,2,9,11,16,51,75,107,108,121,122,123,124,126,127,128,129,130,135,136,137,140,142,146,148,158,161,162,163,
Neop-mudmap2-070650853bc37663525f0d62fb54a029e364eafd-WorldFileJSON-L347_L362,evosuite,2,9,11,16,51,70,71,72,73,75,107,108,109,110,121,122,123,124,125,126,127,128,129,130,134,135,136,137,138,139,140,141,142,146,147,148,149,150,152,155,158,161,162,163,
Neop-mudmap2-070650853bc37663525f0d62fb54a029e364eafd-WorldFileJSON-L347_L362,randoop,
nothingax-micro-DB-1bbae368f7670f94130606fa65bcbc8ccbb89b98-Aggregate-L74_L81,dev,0,8,9,
nothingax-micro-DB-1bbae368f7670f94130606fa65bcbc8ccbb89b98-Aggregate-L74_L81,evosuite,
nothingax-micro-DB-1bbae368f7670f94130606fa65bcbc8ccbb89b98-Aggregate-L74_L81,randoop,
OpenLiberty-ci.common-b48d061d33b28b6dd5d48f52f25e032e3fc45614-DevUtil-L4311_L4320,dev,116,211,
OpenLiberty-ci.common-b48d061d33b28b6dd5d48f52f25e032e3fc45614-DevUtil-L4311_L4320,evosuite,
OpenLiberty-ci.common-b48d061d33b28b6dd5d48f52f25e032e3fc45614-DevUtil-L4311_L4320,randoop,
openskynetwork-java-adsb-7d73726841d98357da360ea631bbe12d3def86cc-ModeSDecoder-L146_L152,dev,8,16,17,19,23,28,29,33,34,37,41,42,43,45,48,49,53,54,57,60,66,69,72,74,78,81,82,83,84,85,86,88,92,93,95,98,99,101,102,103,158,178,179,180,184,199,219,
openskynetwork-java-adsb-7d73726841d98357da360ea631bbe12d3def86cc-ModeSDecoder-L146_L152,evosuite,
openskynetwork-java-adsb-7d73726841d98357da360ea631bbe12d3def86cc-ModeSDecoder-L146_L152,randoop,
OWASP-json-sanitizer-fc612ab374de73d03864d56fb87b6a103b234489-JsonSanitizer-L342_L350,dev,3,4,10,16,17,18,19,21,24,33,34,37,38,39,40,41,43,71,85,110,111,112,113,118,119,212,213,214,215,216,217,218,219,223,227,
OWASP-json-sanitizer-fc612ab374de73d03864d56fb87b6a103b234489-JsonSanitizer-L342_L350,evosuite,
OWASP-json-sanitizer-fc612ab374de73d03864d56fb87b6a103b234489-JsonSanitizer-L342_L350,randoop,
OWASP-json-sanitizer-fc612ab374de73d03864d56fb87b6a103b234489-JsonSanitizer-L353_L362,dev,3,8,9,11,21,22,24,25,26,27,28,29,30,32,36,37,38,39,40,41,43,44,45,46,48,53,55,56,59,60,63,65,66,67,68,69,70,71,72,73,76,77,79,80,82,86,87,92,95,100,
OWASP-json-sanitizer-fc612ab374de73d03864d56fb87b6a103b234489-JsonSanitizer-L353_L362,evosuite,39,45,46,48,56,60,
OWASP-json-sanitizer-fc612ab374de73d03864d56fb87b6a103b234489-JsonSanitizer-L353_L362,randoop,
package-url-packageurl-java-47351deccffb9394df42b913f59ffc00741af0b6-PackageURL-L419_L422,dev,3,7,11,15,
package-url-packageurl-java-47351deccffb9394df42b913f59ffc00741af0b6-PackageURL-L419_L422,evosuite,3,7,11,15,
package-url-packageurl-java-47351deccffb9394df42b913f59ffc00741af0b6-PackageURL-L419_L422,randoop,
peterbencze-serritor-158939359c0b0608686afd34bba582c9157dd362-WebDriverFactory-L96_L104,dev,
peterbencze-serritor-158939359c0b0608686afd34bba582c9157dd362-WebDriverFactory-L96_L104,evosuite,
peterbencze-serritor-158939359c0b0608686afd34bba582c9157dd362-WebDriverFactory-L96_L104,randoop,
PeterisP-morphology-1195adb7bb994292e5b06f2b20f4feb6191ca951-Mijas-L122_L125,dev,
PeterisP-morphology-1195adb7bb994292e5b06f2b20f4feb6191ca951-Mijas-L122_L125,evosuite,
PeterisP-morphology-1195adb7bb994292e5b06f2b20f4feb6191ca951-Mijas-L122_L125,randoop,
PeterisP-morphology-1195adb7bb994292e5b06f2b20f4feb6191ca951-Mijas-L767_L774,dev,
PeterisP-morphology-1195adb7bb994292e5b06f2b20f4feb6191ca951-Mijas-L767_L774,evosuite,4,5,6,7,9,10,11,12,14,15,16,17,22,26,31,41,42,43,44,46,47,48,49,51,52,53,54,59,63,68,70,74,79,80,81,82,84,85,86,87,89,90,91,92,97,101,106,108,112,117,118,119,120,122,123,124,125,127,128,129,130,135,139,144,146,150,159,160,161,164,165,166,167,168,169,170,171,187,188,189,190,191,192,193,194,195,196,197,198,199,200,201,202,203,204,205,206,207,208,209,210,211,212,213,214,215,216,217,218,219,220,221,222,223,224,225,226,227,228,229,230,231,232,233,234,235,236,237,239,240,241,242,243,244,247,248,249,250,258,259,260,261,266,267,268,269,271,272,273,275,276,277,278,281,285,289,290,
PeterisP-morphology-1195adb7bb994292e5b06f2b20f4feb6191ca951-Mijas-L767_L774,randoop,
pfmiles-min-velocity-4e8ec4f64681c1d6941bf8d90a51849e87b86cf5-ParserTokenManager-L4456_L4460,dev,
pfmiles-min-velocity-4e8ec4f64681c1d6941bf8d90a51849e87b86cf5-ParserTokenManager-L4456_L4460,evosuite,
pfmiles-min-velocity-4e8ec4f64681c1d6941bf8d90a51849e87b86cf5-ParserTokenManager-L4456_L4460,randoop,
pingcap-tidb-loadbalance-b1d62a4561fee7c525ae4c640a10f55c4702755b-StringInspector-L418_L424,dev,
pingcap-tidb-loadbalance-b1d62a4561fee7c525ae4c640a10f55c4702755b-StringInspector-L418_L424,evosuite,
pingcap-tidb-loadbalance-b1d62a4561fee7c525ae4c640a10f55c4702755b-StringInspector-L418_L424,randoop,
pingcap-tidb-loadbalance-b1d62a4561fee7c525ae4c640a10f55c4702755b-StringInspector-L453_L463,dev,
pingcap-tidb-loadbalance-b1d62a4561fee7c525ae4c640a10f55c4702755b-StringInspector-L453_L463,evosuite,
pingcap-tidb-loadbalance-b1d62a4561fee7c525ae4c640a10f55c4702755b-StringInspector-L453_L463,randoop,
PlayPen-playpen-core-dd867086481d93a439cb0270eaa7272bacf75493-FileProcessListener-L40_L45,dev,
PlayPen-playpen-core-dd867086481d93a439cb0270eaa7272bacf75493-FileProcessListener-L40_L45,evosuite,
PlayPen-playpen-core-dd867086481d93a439cb0270eaa7272bacf75493-FileProcessListener-L40_L45,randoop,
PlayPen-playpen-core-dd867086481d93a439cb0270eaa7272bacf75493-FileProcessListener-L54_L59,dev,
PlayPen-playpen-core-dd867086481d93a439cb0270eaa7272bacf75493-FileProcessListener-L54_L59,evosuite,
PlayPen-playpen-core-dd867086481d93a439cb0270eaa7272bacf75493-FileProcessListener-L54_L59,randoop,
PlayPen-playpen-core-dd867086481d93a439cb0270eaa7272bacf75493-Network-L376_L383,dev,
PlayPen-playpen-core-dd867086481d93a439cb0270eaa7272bacf75493-Network-L376_L383,evosuite,
PlayPen-playpen-core-dd867086481d93a439cb0270eaa7272bacf75493-Network-L376_L383,randoop,
pvto-konte-art-03c969d8fd62ba3c7175a840e6a785049183f4b6-ExpressionParser-L173_L189,dev,1,2,3,6,8,9,10,11,12,14,36,37,40,88,90,91,132,133,136,163,188,190,215,216,245,246,247,319,324,329,330,332,334,336,339,386,452,456,511,516,517,523,524,531,534,535,536,537,538,539,542,545,548,
pvto-konte-art-03c969d8fd62ba3c7175a840e6a785049183f4b6-ExpressionParser-L173_L189,evosuite,
pvto-konte-art-03c969d8fd62ba3c7175a840e6a785049183f4b6-ExpressionParser-L173_L189,randoop,
pvto-konte-art-03c969d8fd62ba3c7175a840e6a785049183f4b6-Parser-L611_L613,dev,
pvto-konte-art-03c969d8fd62ba3c7175a840e6a785049183f4b6-Parser-L611_L613,evosuite,
pvto-konte-art-03c969d8fd62ba3c7175a840e6a785049183f4b6-Parser-L611_L613,randoop,
redis-lettuce-761d60247159662ce1db8bc20318bc4b573bc010-StatefulRedisConnectionImpl-L203_L214,dev,2,4,5,6,20,24,25,26,29,32,33,49,
redis-lettuce-761d60247159662ce1db8bc20318bc4b573bc010-StatefulRedisConnectionImpl-L203_L214,evosuite,
redis-lettuce-761d60247159662ce1db8bc20318bc4b573bc010-StatefulRedisConnectionImpl-L203_L214,randoop,
ripreal-V8LogScanner-3789156a0ab07c4b2cdd91e8165ca733ecc01905-CmdAddGroupBy-L26_L28,dev,
ripreal-V8LogScanner-3789156a0ab07c4b2cdd91e8165ca733ecc01905-CmdAddGroupBy-L26_L28,evosuite,
ripreal-V8LogScanner-3789156a0ab07c4b2cdd91e8165ca733ecc01905-CmdAddGroupBy-L26_L28,randoop,
tud-fop-j-Algo-f59fbbd9ccc3f41d6866fda44324622e2b47eef2-C00Lexer-L1628_L1633,dev,
tud-fop-j-Algo-f59fbbd9ccc3f41d6866fda44324622e2b47eef2-C00Lexer-L1628_L1633,evosuite,
tud-fop-j-Algo-f59fbbd9ccc3f41d6866fda44324622e2b47eef2-C00Lexer-L1628_L1633,randoop,
tud-fop-j-Algo-f59fbbd9ccc3f41d6866fda44324622e2b47eef2-C00Parser-L1146_L1155,dev,
tud-fop-j-Algo-f59fbbd9ccc3f41d6866fda44324622e2b47eef2-C00Parser-L1146_L1155,evosuite,
tud-fop-j-Algo-f59fbbd9ccc3f41d6866fda44324622e2b47eef2-C00Parser-L1146_L1155,randoop,
